Census Tract,Total Population,Majority White,Majority Black,Majority American Indian,Majority Asian,Majority Latino,Majority Pop,White,Black,American Indian,Asian,Latino
101,4511,44.54,45.64,0,0.73,9.09,Majority Black,2009,2059,0,33,410
102.01,8262,43.98,34.08,0.77,1.46,19.69,Majority White,3634,2816,64,121,1627
102.02,2886,42.65,25.74,0,6.76,24.84,Majority White,1231,743,0,195,717
103,7266,53.11,25.3,0.08,4.94,16.57,Majority White,3859,1838,6,359,1204
104,5624,66.87,20.95,0,5.25,6.93,Majority White,3761,1178,0,295,390
105.01,4153,52.54,32.84,0,5.08,9.54,Majority White,2182,1364,0,211,396
105.02,2663,60.57,24.3,0.34,8.45,6.35,Majority White,1613,647,9,225,169
105.03,2215,67.77,6.82,0,12.73,12.69,Majority White,1501,151,0,282,281
106,7036,56.91,19.93,0,1.96,21.21,Majority White,4004,1402,0,138,1492
107.01,4822,47.84,14.6,0,9.37,28.18,Majority White,2307,704,0,452,1359
107.02,6733,45.69,18.21,0,5.11,31,Majority White,3076,1226,0,344,2087
201,4461,31.92,23.83,0,23.02,21.23,Majority White,1424,1063,0,1027,947
202,7540,58.66,13.13,0,13.13,15.08,Majority White,4423,990,0,990,1137
203.01,5540,76.37,3.39,0.18,12.69,7.36,Majority White,4231,188,10,703,408
203.02,5500,64.13,11.76,0.8,10.07,13.24,Majority White,3527,647,44,554,728
204,5049,48.9,20.36,0,14.62,16.12,Majority White,2469,1028,0,738,814
205,7637,36.34,12.82,0,25.17,25.68,Majority White,2775,979,0,1922,1961
206.01,6276,58.52,10.01,2.98,22.32,6.17,Majority White,3673,628,187,1401,387
206.02,5006,48.92,9.31,0,22.99,18.78,Majority White,2449,466,0,1151,940
207.01,1847,68.87,4.17,0.22,14.89,11.86,Majority White,1272,77,4,275,219
207.02,8416,52.76,8.69,0,17.97,20.59,Majority White,4440,731,0,1512,1733
208.01,6383,57.18,1.72,0,18.96,22.14,Majority White,3650,110,0,1210,1413
208.02,8210,34.57,7.56,1.46,43.84,12.57,Majority Asian,2838,621,120,3599,1032
209.01,6877,37.87,17.96,0,18.41,25.77,Majority White,2604,1235,0,1266,1772
209.02,4994,54.63,10.19,0,19.86,15.32,Majority White,2728,509,0,992,765
301.01,4192,57.97,18.08,0.55,3.98,19.42,Majority White,2430,758,23,167,814
301.02,2761,60.63,17.57,0.76,10.29,10.76,Majority White,1674,485,21,284,297
301.03,2375,52.8,16.88,0.21,18.02,12.08,Majority White,1254,401,5,428,287
301.04,3529,60.7,9.27,0,16.95,13.09,Majority White,2142,327,0,598,462
302,5327,78.43,5.97,0.04,4.6,10.96,Majority White,4178,318,2,245,584
303,4349,54.27,4.25,0.34,11.8,29.34,Majority White,2360,185,15,513,1276
304,3327,60.05,8.93,0.87,5.98,24.17,Majority White,1998,297,29,199,804
305,7764,69.47,3.17,0,5.9,21.46,Majority White,5394,246,0,458,1666
306.01,4745,60.06,15.47,0,8.41,16.06,Majority White,2850,734,0,399,762
306.03,2234,43.42,30.93,2.33,10.83,12.49,Majority White,970,691,52,242,279
306.04,3267,45.91,22.22,0,25.99,5.88,Majority White,1500,726,0,849,192
307.01,1687,52.7,22.94,0.53,14.82,9.01,Majority White,889,387,9,250,152
307.02,1005,63.48,10.75,0,22.69,3.08,Majority White,638,108,0,228,31
307.03,2806,61.76,19.03,1.28,4.35,13.58,Majority White,1733,534,36,122,381
307.06,4491,57.6,14.27,0,21.53,6.59,Majority White,2587,641,0,967,296
308,4682,74.6,3.84,0,8.54,13.01,Majority White,3493,180,0,400,609
309,3307,61.93,14.91,0.15,9.89,13.12,Majority White,2048,493,5,327,434
310,4456,74.21,4.02,0,7.41,14.36,Majority White,3307,179,0,330,640
311,4913,67.19,2.4,0.24,10.75,19.42,Majority White,3301,118,12,528,954
312,6320,55.84,19.72,0.74,10.98,12.72,Majority White,3529,1246,47,694,804
313,8545,49.74,20.78,0.27,19.12,10.09,Majority White,4250,1776,23,1634,862
314,5163,71.12,12.24,0.08,9.16,7.4,Majority White,3672,632,4,473,382
315.01,4154,40.8,28.43,0,20.1,10.66,Majority White,1695,1181,0,835,443
315.02,5151,40.63,35.68,1.59,5.47,16.62,Majority White,2093,1838,82,282,856
317,7157,59.17,23.89,0.78,4.36,11.79,Majority White,4235,1710,56,312,844
318,1837,79.1,2.12,0,9.42,9.36,Majority White,1453,39,0,173,172
319,2648,75.45,3.17,0.38,6.53,14.46,Majority White,1998,84,10,173,383
321,8061,71.39,5.64,0,3.61,19.35,Majority White,5755,455,0,291,1560
401,4446,73.66,4.81,0.58,3.6,17.34,Majority White,3275,214,26,160,771
402.01,7587,63.89,3.28,0.01,10.49,22.33,Majority White,4847,249,1,796,1694
402.02,7771,51.68,5.08,0,25.18,18.05,Majority White,4016,395,0,1957,1403
403,3182,58.89,3.65,0,25.24,12.23,Majority White,1874,116,0,803,389
404.01,3631,71.47,5.37,0,5.78,17.38,Majority White,2595,195,0,210,631
404.02,5168,82.82,1.57,0,7.7,7.91,Majority White,4280,81,0,398,409
406,3083,80.51,3.44,0,1.56,14.5,Majority White,2482,106,0,48,447
407,3501,75.21,2.51,0,5.63,16.65,Majority White,2633,88,0,197,583
408,1814,80.15,3.86,0,6.73,9.26,Majority White,1454,70,0,122,168
409,1886,90.51,2.12,0,2.07,5.3,Majority White,1707,40,0,39,100
501,2793,81.42,3.4,1.36,5.66,8.16,Majority White,2274,95,38,158,228
502,5405,83.16,3.16,0,3.68,9.99,Majority White,4495,171,0,199,540
503,3008,68.35,0,0.83,11.17,19.65,Majority White,2056,0,25,336,591
505,6293,89.43,0.72,0,3.21,6.64,Majority White,5628,45,0,202,418
506,2329,88.54,0.21,0,6.61,4.64,Majority White,2062,5,0,154,108
507,1604,92.46,0.31,0.25,3.68,3.3,Majority White,1483,5,4,59,53
508,1585,86.44,0.76,0,1.58,11.23,Majority White,1370,12,0,25,178
509,1518,78.85,0.92,0,8.17,12.06,Majority White,1197,14,0,124,183
510,2147,71.03,3.26,0,5.64,20.07,Majority White,1525,70,0,121,431
511,1827,80.24,0,0,2.52,17.24,Majority White,1466,0,0,46,315
512,1704,78.29,9.1,0,3.46,9.15,Majority White,1334,155,0,59,156
513,2879,90.31,0,0,3.23,6.46,Majority White,2600,0,0,93,186
514,1695,83.78,3.48,0,5.37,7.37,Majority White,1420,59,0,91,125
601,2988,81.79,3.75,0,2.81,11.65,Majority White,2444,112,0,84,348
602,2639,76.85,1.1,0,4.77,17.28,Majority White,2028,29,0,126,456
603,3654,84.48,0.88,0.68,6.62,7.33,Majority White,3087,32,25,242,268
604,4258,82.43,0.63,0.52,4.63,11.79,Majority White,3510,27,22,197,502
605,1470,73.06,5.17,0,6.46,15.31,Majority White,1074,76,0,95,225
608,4901,83.23,4.12,0,7.49,5.16,Majority White,4079,202,0,367,253
609,8330,74.51,5.53,0.54,3.72,15.69,Majority White,6207,461,45,310,1307
610,2395,78.71,1.29,0,5.09,14.91,Majority White,1885,31,0,122,357
611,1444,91.2,2.01,0,4.85,1.94,Majority White,1317,29,0,70,28
612,2007,86.4,1.1,0,4.48,8.02,Majority White,1734,22,0,90,161
615,1978,88.07,1.62,0,3.24,7.08,Majority White,1742,32,0,64,140
618,1240,72.82,7.18,0,7.58,12.42,Majority White,903,89,0,94,154
619.01,3568,73.43,2.55,1.43,15.19,7.4,Majority White,2620,91,51,542,264
619.02,4458,87.35,2.65,0.45,7.29,2.27,Majority White,3894,118,20,325,101
620,3093,84.09,6.14,0,4.78,4.98,Majority White,2601,190,0,148,154
621,3965,81.66,2.72,0,7.47,8.15,Majority White,3238,108,0,296,323
622,3011,84.69,4.28,0,4.12,6.91,Majority White,2550,129,0,124,208
623,1712,86.45,1.46,0,6.6,5.49,Majority White,1480,25,0,113,94
624,1413,91.37,1.91,0,4.18,2.55,Majority White,1291,27,0,59,36
625,1677,85.57,0,0,6.44,7.99,Majority White,1435,0,0,108,134
626,2310,82.94,1.43,0,9.44,6.19,Majority White,1916,33,0,218,143
627,2905,89.33,0,0.62,2.58,7.47,Majority White,2595,0,18,75,217
628,3848,85.68,1.17,0.23,5.85,7.07,Majority White,3297,45,9,225,272
629,3937,88.93,3.76,0,4.8,2.51,Majority White,3501,148,0,189,99
630,3311,77.53,4.89,0,11.05,6.52,Majority White,2567,162,0,366,216
631,2219,88.96,0.86,0,5.23,4.96,Majority White,1974,19,0,116,110
632,7250,83.43,2.61,0,6.94,7.02,Majority White,6049,189,0,503,509
633.01,2519,79.71,10.48,0,5.76,4.05,Majority White,2008,264,0,145,102
633.02,4376,80.87,2.01,0,10.03,7.08,Majority White,3539,88,0,439,310
633.03,1346,86.55,1.41,0,7.28,4.75,Majority White,1165,19,0,98,64
634,2381,84.21,3.57,0,4.91,7.31,Majority White,2005,85,0,117,174
701.01,3655,87.14,2.54,0,5.96,4.35,Majority White,3185,93,0,218,159
701.02,3075,81.95,3.97,0,4.46,9.63,Majority White,2520,122,0,137,296
701.03,1660,80.36,6.57,0,7.05,6.02,Majority White,1334,109,0,117,100
702,4160,81.15,5.63,0,9.13,4.09,Majority White,3376,234,0,380,170
703,3557,90.44,1.57,0,3.94,4.05,Majority White,3217,56,0,140,144
704,3385,77.87,6.47,0,8.36,7.3,Majority White,2636,219,0,283,247
705,3309,82.8,7.19,0,5.11,4.9,Majority White,2740,238,0,169,162
706,3687,85.82,1.33,0,3.39,9.47,Majority White,3164,49,0,125,349
707,4976,73.09,6.11,0,7.56,13.24,Majority White,3637,304,0,376,659
710,4467,82.87,5.91,0.16,6.34,4.72,Majority White,3702,264,7,283,211
711,3112,83.23,3.37,0,7.46,5.94,Majority White,2590,105,0,232,185
712,2100,77.24,3.81,0,8.67,10.29,Majority White,1622,80,0,182,216
713,3790,85.28,1.08,0,8.26,5.38,Majority White,3232,41,0,313,204
714,4942,80.11,5.26,0,6.7,7.93,Majority White,3959,260,0,331,392
715,5922,82.69,2.75,0,10.49,4.07,Majority White,4897,163,0,621,241
716,1708,80.62,8.84,0,6.62,3.92,Majority White,1377,151,0,113,67
717,1775,77.58,9.41,0.45,7.77,4.79,Majority White,1377,167,8,138,85
718,2764,74.89,12.12,0,9.33,3.65,Majority White,2070,335,0,258,101
801,6805,84.91,6.75,0.59,3.06,4.7,Majority White,5778,459,40,208,320
802.01,3241,81.36,8.67,1.6,6.45,1.91,Majority White,2637,281,52,209,62
802.02,3658,90.24,2.9,0,1.83,5.03,Majority White,3301,106,0,67,184
803,4765,78.7,6.36,0,9.63,5.31,Majority White,3750,303,0,459,253
804,4229,33.18,61.62,0.07,0.97,4.16,Majority Black,1403,2606,3,41,176
810,7943,66.99,15.23,0,10.65,7.13,Majority White,5321,1210,0,846,566
811,4597,71,8.38,0,5.74,14.88,Majority White,3264,385,0,264,684
812.01,4863,79.81,2.41,0,10.67,7.11,Majority White,3881,117,0,519,346
812.02,3035,85.93,2.14,0,7.74,4.18,Majority White,2608,65,0,235,127
813,5380,77.77,3.61,0,14.85,3.77,Majority White,4184,194,0,799,203
814.01,2286,81.71,2.32,0,11.59,4.37,Majority White,1868,53,0,265,100
814.02,4997,72.38,5.52,0,18.91,3.18,Majority White,3617,276,0,945,159
814.03,7834,71.98,3.28,0.65,20.37,3.71,Majority White,5639,257,51,1596,291
815,5062,69.77,2.49,0,20.78,6.95,Majority White,3532,126,0,1052,352
816,3943,72.18,3.63,0,18.46,5.73,Majority White,2846,143,0,728,226
817,3481,76.67,2.38,1.49,14.16,5.29,Majority White,2669,83,52,493,184
818,9287,84.61,1.1,0,8.99,5.3,Majority White,7858,102,0,835,492
819,936,45.41,44.34,0.64,8.12,1.5,Majority White,425,415,6,76,14
901,3696,83.17,0.81,0,3.63,12.39,Majority White,3074,30,0,134,458
902,7373,86.75,2.22,0,1.78,9.25,Majority White,6396,164,0,131,682
903,1410,91.91,0,0,3.48,4.61,Majority White,1296,0,0,49,65
1001,5972,89.62,0.02,0,1.71,8.66,Majority White,5352,1,0,102,517
1002,7070,87.09,0.51,0,0.24,12.16,Majority White,6157,36,0,17,860
1003,6389,83.17,0.78,0.09,5.73,10.22,Majority White,5314,50,6,366,653
1004,3596,85.96,0,0.14,2.25,11.65,Majority White,3091,0,5,81,419
1005,5332,90.57,0.32,1.01,2.29,5.81,Majority White,4829,17,54,122,310
1006,5345,76.67,1.37,0,5.89,16.07,Majority White,4098,73,0,315,859
1007,5153,81.14,0.16,0,4.44,14.26,Majority White,4181,8,0,229,735
1101,6022,73.31,0.98,0,5.05,20.66,Majority White,4415,59,0,304,1244
1102,3536,66.83,2.15,1.24,12.87,16.91,Majority White,2363,76,44,455,598
1103,5744,74.25,0,0.44,10.9,14.42,Majority White,4265,0,25,626,828
1104,4769,71.15,0.21,0,6.37,22.27,Majority White,3393,10,0,304,1062
1105.01,6218,67.48,0.35,0,9.42,22.74,Majority White,4196,22,0,586,1414
1105.02,3673,69.45,2.18,0.27,6.26,21.84,Majority White,2551,80,10,230,802
1201,4030,88.81,0.2,0,1.07,9.93,Majority White,3579,8,0,43,400
1202,5051,72.96,2.2,0,12.57,12.27,Majority White,3685,111,0,635,620
1203,7090,74.16,0.82,0,14.98,10.04,Majority White,5258,58,0,1062,712
1204,4085,62.08,0.27,0,16.11,21.54,Majority White,2536,11,0,658,880
1301,5520,66.58,2.75,0.11,25.42,5.14,Majority White,3675,152,6,1403,284
1302,1637,67.07,1.41,0,16.25,15.27,Majority White,1098,23,0,266,250
1303,6036,52.93,5.22,0.8,23.41,17.64,Majority White,3195,315,48,1413,1065
1401,4772,45.22,11.84,0.82,8.13,33.99,Majority White,2158,565,39,388,1622
1402,7932,49.38,3.79,0.03,13.38,33.42,Majority White,3917,301,2,1061,2651
1403.01,4110,36.01,1.65,0.56,13.38,48.39,Majority Latino,1480,68,23,550,1989
1403.02,4785,46.17,4.93,0,12.81,36.09,Majority White,2209,236,0,613,1727
1404,8166,55.02,0.16,0,16.43,28.39,Majority White,4493,13,0,1342,2318
1405,5471,40.45,3.47,0,20.53,35.55,Majority White,2213,190,0,1123,1945
1406.01,3663,39.78,2.89,0,15.32,42.01,Majority Latino,1457,106,0,561,1539
1406.02,7355,44.95,5.06,0,6.36,43.63,Majority White,3306,372,0,468,3209
1407.01,3488,37.44,4.73,0.37,15.71,41.74,Majority Latino,1306,165,13,548,1456
1407.02,8922,50.1,2.01,0.09,3.3,44.51,Majority White,4470,179,8,294,3971
1408,8050,56.04,4.76,0,8.15,31.06,Majority White,4511,383,0,656,2500
1502,8649,66.79,1.99,0.32,5.85,25.04,Majority White,5777,172,28,506,2166
1503,8845,67.24,2.37,0,2.34,28.05,Majority White,5947,210,0,207,2481
1504.01,5994,67.2,1.52,0.98,3.6,26.69,Majority White,4028,91,59,216,1600
1504.02,4269,71.98,0.02,0,3.09,24.9,Majority White,3073,1,0,132,1063
1505.01,4428,72.61,2.55,0,3.75,21.09,Majority White,3215,113,0,166,934
1505.02,4716,63.57,1.08,0,7.97,27.37,Majority White,2998,51,0,376,1291
1506,4685,55.92,0.17,0.75,9.88,33.28,Majority White,2620,8,35,463,1559
1507,5029,59.34,0.84,0,3.44,36.39,Majority White,2984,42,0,173,1830
1508,5834,46.66,1.13,1.22,5.78,45.22,Majority White,2722,66,71,337,2638
1510.01,3130,47.89,4.98,0,4.57,42.56,Majority White,1499,156,0,143,1332
1510.02,5847,45.6,0.72,0.15,1.93,51.6,Majority Latino,2666,42,9,113,3017
1511,7326,50.38,0.49,0.11,3.73,45.29,Majority White,3691,36,8,273,3318
1512,4604,65.07,0.56,0,0.93,33.43,Majority White,2996,26,0,43,1539
1601,3172,61.44,0.32,0.41,11.92,25.91,Majority White,1949,10,13,378,822
1602,3693,69.16,1.41,0.38,7.5,21.55,Majority White,2554,52,14,277,796
1603,4124,66.39,6.13,0.95,10.69,15.83,Majority White,2738,253,39,441,653
1604,6226,60.18,3.97,0,4.74,31.11,Majority White,3747,247,0,295,1937
1605.01,6479,49.73,2.45,0,7.98,39.84,Majority White,3222,159,0,517,2581
1605.02,5947,51.45,1.01,0,5.36,42.17,Majority White,3060,60,0,319,2508
1606.01,5063,61.62,1.3,0,3.77,33.3,Majority White,3120,66,0,191,1686
1606.02,4915,56.15,0.98,0,8.59,34.28,Majority White,2760,48,0,422,1685
1607,8273,53.92,4.03,0.22,9.34,32.49,Majority White,4461,333,18,773,2688
1608,7000,54.27,0.76,0,7.69,37.29,Majority White,3799,53,0,538,2610
1609,3082,65.83,1.69,0,7.56,24.92,Majority White,2029,52,0,233,768
1610,2460,65.37,1.46,0,2.15,31.02,Majority White,1608,36,0,53,763
1611,2075,70.12,6.65,0,8.53,14.7,Majority White,1455,138,0,177,305
1612,4269,54.32,0.61,0.12,4.26,40.69,Majority White,2319,26,5,182,1737
1613,5521,57.47,1.88,0,1.43,39.21,Majority White,3173,104,0,79,2165
1701,1928,78.89,6.48,0,4.98,9.65,Majority White,1521,125,0,96,186
1702,5072,57.33,0,0,8.66,34.01,Majority White,2908,0,0,439,1725
1703,7102,67.14,0.23,0.15,3.45,29.03,Majority White,4768,16,11,245,2062
1704,4046,83.37,2.32,0.67,2.74,10.9,Majority White,3373,94,27,111,441
1705,6250,78.03,0.48,0,2.78,18.7,Majority White,4877,30,0,174,1169
1706,3043,75.98,0.3,0,3.12,20.6,Majority White,2312,9,0,95,627
1707,3305,73.65,0.27,0,8.9,17.19,Majority White,2434,9,0,294,568
1708,4998,73.01,0.82,0,4,22.17,Majority White,3649,41,0,200,1108
1709,2322,64,5.51,0,1.34,29.16,Majority White,1486,128,0,31,677
1710,9635,67.47,4.15,0.29,4.82,23.27,Majority White,6501,400,28,464,2242
1711,4822,66.34,1.82,0,1.97,29.86,Majority White,3199,88,0,95,1440
1801,8155,59.53,1.13,0,3.2,36.14,Majority White,4855,92,0,261,2947
1901,3314,32.02,1.24,0,2.75,64,Majority Latino,1061,41,0,91,2121
1902,7558,36.54,1.44,0,1.56,60.45,Majority Latino,2762,109,0,118,4569
1903,7193,48.13,1.36,0.61,1.38,48.52,Majority Latino,3462,98,44,99,3490
1904.01,5416,50.18,0.33,0.42,5.37,43.69,Majority White,2718,18,23,291,2366
1904.02,7713,47.19,0.43,0.4,1.26,50.72,Majority Latino,3640,33,31,97,3912
1906.01,6922,32.78,3.42,0,1.3,62.5,Majority Latino,2269,237,0,90,4326
1906.02,7941,37.15,1.96,0.09,2.12,58.68,Majority Latino,2950,156,7,168,4660
1907.01,3911,40.02,0.54,0,1.18,58.27,Majority Latino,1565,21,0,46,2279
1907.02,7193,35.06,3.31,0,0,61.63,Majority Latino,2522,238,0,0,4433
1908,9009,30.92,1.01,0.09,0,67.98,Majority Latino,2786,91,8,0,6124
1909,3080,33.02,4.12,0.26,0,62.6,Majority Latino,1017,127,8,0,1928
1910,3957,36.26,2.05,0,3.03,58.66,Majority Latino,1435,81,0,120,2321
1911,10218,28.19,2.74,0.42,0.43,68.22,Majority Latino,2880,280,43,44,6971
1912,5107,26.63,1.39,0.37,0.29,71.31,Majority Latino,1360,71,19,15,3642
1913.01,7489,26.52,7.13,0,3.39,62.96,Majority Latino,1986,534,0,254,4715
1913.02,7607,34.61,3.54,0,0.66,61.19,Majority Latino,2633,269,0,50,4655
2001,5576,37.43,4.16,0.5,3.3,54.61,Majority Latino,2087,232,28,184,3045
2002,6396,31.18,2.66,0.38,1.75,64.04,Majority Latino,1994,170,24,112,4096
2003,2787,30.93,0.32,0,1.97,66.77,Majority Latino,862,9,0,55,1861
2004.01,4965,29.18,2.66,0.81,1.17,66.18,Majority Latino,1449,132,40,58,3286
2004.02,5607,28.64,2.87,0,1.07,67.42,Majority Latino,1606,161,0,60,3780
2101,4552,61.69,3.03,0,6.22,29.06,Majority White,2808,138,0,283,1323
2104,4037,52.34,1.16,0,1.98,44.51,Majority White,2113,47,0,80,1797
2105.01,5412,56.13,2.14,0.39,0.3,41.04,Majority White,3038,116,21,16,2221
2105.02,7458,54.81,1.96,0.12,0.76,42.34,Majority White,4088,146,9,57,3158
2106.01,4098,50.1,0.61,0.63,5.22,43.44,Majority White,2053,25,26,214,1780
2106.02,5870,55.21,3.41,0.15,2.49,38.74,Majority White,3241,200,9,146,2274
2107,6294,56.74,1.19,0,1.89,40.18,Majority White,3571,75,0,119,2529
2108,1464,58.06,0.14,0,1.5,40.3,Majority White,850,2,0,22,590
2109,3965,63.03,4.36,0,1.97,30.64,Majority White,2499,173,0,78,1215
2203,2538,69.27,1.89,0.24,1.77,26.83,Majority White,1758,48,6,45,681
2204,3181,70.45,0.35,0,6.88,22.32,Majority White,2241,11,0,219,710
2205,2898,75.67,3.93,0,4,16.39,Majority White,2193,114,0,116,475
2206.01,2665,59.02,4.92,1.05,0.71,34.3,Majority White,1573,131,28,19,914
2206.02,6856,62.32,4.54,0.63,3.84,28.68,Majority White,4273,311,43,263,1966
2207.01,5204,51.04,3.59,0.15,0.52,44.7,Majority White,2656,187,8,27,2326
2207.02,6189,48.54,3.97,0,1.68,45.81,Majority White,3004,246,0,104,2835
2209.01,4201,42.11,7.26,0,0.57,50.06,Majority Latino,1769,305,0,24,2103
2209.02,4906,50.9,0.63,0.1,0.31,48.06,Majority White,2497,31,5,15,2358
2210,4475,50.1,6.15,0,1.05,42.7,Majority White,2242,275,0,47,1911
2211,7049,54.26,11.22,0.37,1.19,32.96,Majority White,3825,791,26,84,2323
2212,4183,62.11,4.92,0,2.94,30.03,Majority White,2598,206,0,123,1256
2213,3616,61.37,3.82,0.94,3.4,30.48,Majority White,2219,138,34,123,1102
2214,4239,59.97,2.62,0,2.15,35.27,Majority White,2542,111,0,91,1495
2215,3541,66.39,4.35,0,5.59,23.67,Majority White,2351,154,0,198,838
2216,3570,73.5,5.49,0,3.28,17.73,Majority White,2624,196,0,117,633
2222,2250,80.76,3.16,0,5.91,10.18,Majority White,1817,71,0,133,229
2225,2503,57.21,1.32,0,0.28,41.19,Majority White,1432,33,0,7,1031
2226,1897,62.84,3.95,0.32,2.9,29.99,Majority White,1192,75,6,55,569
2227,4018,53.68,7.49,1.02,0.67,37.13,Majority White,2157,301,41,27,1492
2228,1573,47.93,3.24,0,0,48.82,Majority Latino,754,51,0,0,768
2229,1442,44.24,7.49,0.49,0,47.78,Majority Latino,638,108,7,0,689
2301,2089,40.26,15.75,0,1.53,42.46,Majority Latino,841,329,0,32,887
2302,2676,26.08,15.47,1.46,0.9,56.09,Majority Latino,698,414,39,24,1501
2303,1304,26.99,0,1.53,0,71.47,Majority Latino,352,0,20,0,932
2304,3029,27.01,3.9,0.43,0.66,68.01,Majority Latino,818,118,13,20,2060
2305,4356,15.24,8.43,0.73,3.21,72.38,Majority Latino,664,367,32,140,3153
2306,7299,13.93,24.92,0.64,0,60.5,Majority Latino,1017,1819,47,0,4416
2307,6972,23.11,6.34,0.6,0.13,69.82,Majority Latino,1611,442,42,9,4868
2308,1807,31.05,2.99,0.66,0,65.3,Majority Latino,561,54,12,0,1180
2309,6091,30.29,15.5,0.16,2.17,51.88,Majority Latino,1845,944,10,132,3160
2311,1557,17.47,48.55,0,0,33.98,Majority Black,272,756,0,0,529
2312,6390,7.67,50.25,0.2,0,41.88,Majority Black,490,3211,13,0,2676
2315,6746,2.94,86.82,0,0,10.24,Majority Black,198,5857,0,0,691
2402,1739,81.83,1.55,0,4.31,12.31,Majority White,1423,27,0,75,214
2403,1243,84.96,4.1,0,6.84,4.1,Majority White,1056,51,0,85,51
2405,2409,81.32,1.45,0,8.26,8.97,Majority White,1959,35,0,199,216
2406,2158,62.74,7.88,0,1.62,27.76,Majority White,1354,170,0,35,599
2407,2320,54.22,7.16,0,2.89,35.73,Majority White,1258,166,0,67,829
2408,2203,52.66,4.58,0,0.18,42.58,Majority White,1160,101,0,4,938
2409,1141,41.28,12.71,0,8.15,37.86,Majority White,471,145,0,93,432
2410,2860,44.37,15.87,0,2.03,37.73,Majority White,1269,454,0,58,1079
2411,4669,55.28,8.65,0,3.73,32.34,Majority White,2581,404,0,174,1510
2412,2061,70.98,1.07,0,7.71,20.23,Majority White,1463,22,0,159,417
2413,2010,68.41,8.96,0,1.59,21.04,Majority White,1375,180,0,32,423
2414,5260,79.56,4.35,0,6.75,9.33,Majority White,4185,229,0,355,491
2415,3198,75.42,3.63,0,4.5,16.45,Majority White,2412,116,0,144,526
2416,4054,64.6,3.53,0,7.65,24.22,Majority White,2619,143,0,310,982
2420,5408,55.86,11.39,0,3.4,29.35,Majority White,3021,616,0,184,1587
2421,4181,73.69,1.15,0,4.86,20.31,Majority White,3081,48,0,203,849
2422,3565,76.07,6.28,1.15,4.15,12.34,Majority White,2712,224,41,148,440
2423,3087,81.89,2.46,0,5.77,9.88,Majority White,2528,76,0,178,305
2424,2874,92.48,1.6,0,1.6,4.31,Majority White,2658,46,0,46,124
2425,3991,66,6.01,0,2.41,25.58,Majority White,2634,240,0,96,1021
2426,7542,60.2,9.92,1.37,0.91,27.61,Majority White,4540,748,103,69,2082
2427,1962,45.36,19.06,0,2.75,32.82,Majority White,890,374,0,54,644
2428,1807,77.26,0.72,0.22,0.22,21.58,Majority White,1396,13,4,4,390
2429,1757,61.53,7.63,0,3.87,26.98,Majority White,1081,134,0,68,474
2430,2694,64.96,2.26,0,3.27,29.51,Majority White,1750,61,0,88,795
2431,2890,57.89,6.92,0,3.39,31.8,Majority White,1673,200,0,98,919
2432,2653,66.94,3.39,0,1.81,27.86,Majority White,1776,90,0,48,739
2433,2858,69,1.36,0,4.13,25.51,Majority White,1972,39,0,118,729
2434,3133,59.43,8.65,0,5.08,26.84,Majority White,1862,271,0,159,841
2435,3336,71.43,14.48,0,7.91,6.18,Majority White,2383,483,0,264,206
2502,3091,13.17,49.4,0,0.97,36.46,Majority Black,407,1527,0,30,1127
2503,5291,11.55,58.16,0,0.79,29.5,Majority Black,611,3077,0,42,1561
2504,4757,6.22,73.58,0.74,0.25,19.21,Majority Black,296,3500,35,12,914
2505,8521,42.03,29.93,0.18,2.53,25.34,Majority White,3581,2550,15,216,2159
2506,4167,4.66,82.79,0,1.58,10.97,Majority Black,194,3450,0,66,457
2507,5393,4.1,84.5,0,0,11.4,Majority Black,221,4557,0,0,615
2508,2500,6.16,74.2,0,0.68,18.96,Majority Black,154,1855,0,17,474
2510,913,2.96,82.15,0,0,14.9,Majority Black,27,750,0,0,136
2511,4210,3.66,86.32,0,0,10.02,Majority Black,154,3634,0,0,422
2512,4565,6.13,74.26,0,1.45,18.16,Majority Black,280,3390,0,66,829
2513,4658,8.46,76.88,0,0,14.66,Majority Black,394,3581,0,0,683
2514,4588,3.53,91.94,0.11,0.59,3.84,Majority Black,162,4218,5,27,176
2515,4237,0.66,90.54,0,0,8.8,Majority Black,28,3836,0,0,373
2516,3962,1.51,93.36,0.25,0,4.87,Majority Black,60,3699,10,0,193
2517,1406,5.12,63.51,1.99,0,29.37,Majority Black,72,893,28,0,413
2518,5377,6.96,89.85,0,0,3.2,Majority Black,374,4831,0,0,172
2519,4852,1.83,94.41,0,0,3.75,Majority Black,89,4581,0,0,182
2520,5779,2.39,96.57,0,0,1.04,Majority Black,138,5581,0,0,60
2521.01,1384,1.45,96.46,0,0,2.1,Majority Black,20,1335,0,0,29
2521.02,7026,1.96,97.17,0,0,0.87,Majority Black,138,6827,0,0,61
2522.01,2978,5.47,91.64,0,0.24,2.65,Majority Black,163,2729,0,7,79
2522.02,4815,2.58,96.22,0,0,1.2,Majority Black,124,4633,0,0,58
2601,1256,11.46,86.31,0,0,2.23,Majority Black,144,1084,0,0,28
2602,1264,1.98,94.78,0,0,3.24,Majority Black,25,1198,0,0,41
2603,1583,1.45,98.55,0,0,0,Majority Black,23,1560,0,0,0
2604,1292,2.01,97.99,0,0,0,Majority Black,26,1266,0,0,0
2605,1588,0.5,94.4,0.44,0.06,4.6,Majority Black,8,1499,7,1,73
2606,2010,1.44,95.62,0,1.89,1.04,Majority Black,29,1922,0,38,21
2607,1740,2.82,93.22,0.23,0,3.74,Majority Black,49,1622,4,0,65
2608,2621,1.95,97.41,0,0.19,0.46,Majority Black,51,2553,0,5,12
2609,1430,9.16,85.24,0.56,0,5.03,Majority Black,131,1219,8,0,72
2610,2364,0.63,97.5,0,0,1.86,Majority Black,15,2305,0,0,44
2705,1682,3.98,89.77,0,0,6.24,Majority Black,67,1510,0,0,105
2712,1171,5.89,91.8,0,0.17,2.13,Majority Black,69,1075,0,2,25
2713,1257,0,98.73,0,1.27,0,Majority Black,0,1241,0,16,0
2714,1333,4.65,91.97,0,2.03,1.35,Majority Black,62,1226,0,27,18
2715,1483,3.17,95.55,0,0,1.28,Majority Black,47,1417,0,0,19
2718,783,0,100,0,0,0,Majority Black,0,783,0,0,0
2801,6618,77.64,3.23,0,15.41,3.72,Majority White,5138,214,0,1020,246
2804,1715,7.29,88.92,0,1.98,1.81,Majority Black,125,1525,0,34,31
2808,1026,7.21,89.57,0,0,3.22,Majority Black,74,919,0,0,33
2809,1009,10.21,87.41,0,0.5,1.88,Majority Black,103,882,0,5,19
2819,5957,45.85,4.33,0,41.83,7.99,Majority White,2731,258,0,2492,476
2827,2642,22.98,45,0,10.26,21.76,Majority Black,607,1189,0,271,575
2828,1825,35.67,24.27,2.03,15.07,22.96,Majority White,651,443,37,275,419
2831,2967,30.5,29.39,0,33.84,6.27,Majority Asian,905,872,0,1004,186
2832,1613,50.53,20.33,1.86,19.78,7.5,Majority White,815,328,30,319,121
2838,4129,34.63,47.08,0,8.26,10.03,Majority Black,1430,1944,0,341,414
2909,4063,0,99.7,0,0.3,0,Majority Black,0,4051,0,12,0
2912,2664,1.88,96.36,0,0,1.76,Majority Black,50,2567,0,0,47
2916,1728,44.79,5.9,0,0.46,48.84,Majority Latino,774,102,0,8,844
2922,3013,6.21,88.88,0.17,0.2,4.55,Majority Black,187,2678,5,6,137
2924,2458,5.45,93.04,0,0,1.51,Majority Black,134,2287,0,0,37
2925,4197,2.07,90.85,1.14,0,5.93,Majority Black,87,3813,48,0,249
3005,4194,36.08,3.84,0.17,0,59.92,Majority Latino,1513,161,7,0,2513
3006,4475,35.69,9.39,0.49,0,54.44,Majority Latino,1597,420,22,0,2436
3007,7543,37.4,0.61,0.13,0,61.86,Majority Latino,2821,46,10,0,4666
3008,6580,37.51,0,0,0,62.49,Majority Latino,2468,0,0,0,4112
3009,6363,34.61,1.37,0.28,0,63.74,Majority Latino,2202,87,18,0,4056
3011,3753,26.51,4.02,1.55,0,67.92,Majority Latino,995,151,58,0,2549
3012,4839,30.58,6.98,1.03,1.2,60.2,Majority Latino,1480,338,50,58,2913
3016,7961,36.44,1.88,0.63,0,61.05,Majority Latino,2901,150,50,0,4860
3017.01,6996,44.21,0.07,0,0,55.72,Majority Latino,3093,5,0,0,3898
3017.02,6767,36.13,0,0,0,63.87,Majority Latino,2445,0,0,0,4322
3018.01,5816,37.59,0.02,0.02,0,62.38,Majority Latino,2186,1,1,0,3628
3018.02,5315,38.06,0.64,0.26,0,61.03,Majority Latino,2023,34,14,0,3244
3018.03,8558,37.37,1.68,0,0,60.95,Majority Latino,3198,144,0,0,5216
3102,1867,47.13,4.98,1.55,11.57,34.76,Majority White,880,93,29,216,649
3103,2248,43.28,1.69,0.44,8.01,46.57,Majority Latino,973,38,10,180,1047
3104,1454,39.61,5.43,0,4.06,50.89,Majority Latino,576,79,0,59,740
3105,1999,43.87,0,0,0,56.13,Majority Latino,877,0,0,0,1122
3106,6035,42.49,5.04,0.65,0.2,51.63,Majority Latino,2564,304,39,12,3116
3107,1993,41.29,1.3,0,2.86,54.54,Majority Latino,823,26,0,57,1087
3108,6823,42.22,0.38,0.21,0.84,56.35,Majority Latino,2881,26,14,57,3845
3109,7985,38.87,1.39,0.38,0.36,59,Majority Latino,3104,111,30,29,4711
3201,13446,73.32,4.92,0.93,15.25,5.57,Majority White,9859,662,125,2051,749
3204,3183,67.86,9.33,0,17.06,5.75,Majority White,2160,297,0,543,183
3206,4671,59.24,17.19,0,18.24,5.33,Majority White,2767,803,0,852,249
3301,19103,49.82,22.47,0,21.63,6.08,Majority White,9517,4292,0,4132,1162
3302,3614,46.9,30.08,0.86,20.84,1.33,Majority White,1695,1087,31,753,48
3403,1824,25.05,1.15,0,69.52,4.28,Majority Asian,457,21,0,1268,78
3404,2107,8.45,1.76,0,84.95,4.84,Majority Asian,178,37,0,1790,102
3405,1748,52.35,2.12,0.4,35.76,9.38,Majority White,915,37,7,625,164
3406,973,0.21,99.59,0,0,0.21,Majority Black,2,969,0,0,2
3501,2203,8.44,49.66,0.27,37.13,4.49,Majority Black,186,1094,6,818,99
3504,1846,1.19,98.54,0,0,0.27,Majority Black,22,1819,0,0,5
3510,3688,5.72,76.68,0,17.11,0.49,Majority Black,211,2828,0,631,18
3511,2084,2.16,97.02,0,0,0.82,Majority Black,45,2022,0,0,17
3514,1964,7.48,87.07,1.37,2.44,1.63,Majority Black,147,1710,27,48,32
3515,522,22.99,51.72,0,19.73,5.56,Majority Black,120,270,0,103,29
3602,1626,3.38,89.91,0,4.06,2.64,Majority Black,55,1462,0,66,43
3801,1912,3.19,95.55,0.63,0,0.63,Majority Black,61,1827,12,0,12
3802,1862,2.26,92.16,0.97,1.34,3.28,Majority Black,42,1716,18,25,61
3805,804,0.5,98.63,0,0.37,0.5,Majority Black,4,793,0,3,4
3807,1239,9.93,86.84,0.56,0,2.66,Majority Black,123,1076,7,0,33
3812,1712,3.62,92.29,2.39,0,1.69,Majority Black,62,1580,41,0,29
3814,1660,0,100,0,0,0,Majority Black,0,1660,0,0,0
3815,360,10.83,82.5,0,1.39,5.28,Majority Black,39,297,0,5,19
3817,0,#DIV/0!,#DIV/0!,#DIV/0!,#DIV/0!,#DIV/0!,#DIV/0!,0,0,0,0,0
3818,1035,4.35,94.4,0.58,0.58,0.1,Majority Black,45,977,6,6,1
3819,1272,5.66,91.19,0.39,0.39,2.36,Majority Black,72,1160,5,5,30
3901,1406,4.62,84.14,0,7.47,3.77,Majority Black,65,1183,0,105,53
3902,1664,16.05,78.43,0,5.17,0.36,Majority Black,267,1305,0,86,6
3903,2794,7.95,89.55,0,0.64,1.86,Majority Black,222,2502,0,18,52
3904,2502,12.91,84.65,0,0.84,1.6,Majority Black,323,2118,0,21,40
3905,1498,20.03,69.56,0,6.28,4.14,Majority Black,300,1042,0,94,62
3906,1763,52.58,41.01,0,3.86,2.55,Majority White,927,723,0,68,45
3907,5271,19.01,55.78,0,22.58,2.64,Majority Black,1002,2940,0,1190,139
4003,1396,6.66,87.32,0,0.64,5.37,Majority Black,93,1219,0,9,75
4004,1903,1,97.53,0,0,1.47,Majority Black,19,1856,0,0,28
4005,1973,0.81,98.33,0.25,0,0.61,Majority Black,16,1940,5,0,12
4008,2784,2.3,90.66,5.46,0,1.58,Majority Black,64,2524,152,0,44
4101,2133,37.93,37.04,0,7.17,17.86,Majority White,809,790,0,153,381
4102,1674,46.59,21.86,0.72,18.7,12.13,Majority White,780,366,12,313,203
4105,2489,45.48,34.07,0,13.66,6.79,Majority White,1132,848,0,340,169
4106,2707,49.21,30.29,0,11.75,8.76,Majority White,1332,820,0,318,237
4107,2033,56.22,21.4,0,15.64,6.74,Majority White,1143,435,0,318,137
4108,2937,39.36,35.41,2.42,14.74,8.07,Majority White,1156,1040,71,433,237
4109,3116,50.77,31.26,0.06,8.15,9.76,Majority White,1582,974,2,254,304
4110,3208,50.34,34.45,0,7.01,8.2,Majority White,1615,1105,0,225,263
4111,2262,74.98,3.71,0,16.27,5.04,Majority White,1696,84,0,368,114
4112,1640,64.09,13.78,0,18.66,3.48,Majority White,1051,226,0,306,57
4201,1260,5.87,92.78,0,0,1.35,Majority Black,74,1169,0,0,17
4202,1656,25.06,68.48,0,3.93,2.54,Majority Black,415,1134,0,65,42
4203,2709,38.69,38.35,0,17.02,5.94,Majority White,1048,1039,0,461,161
4204,1174,26.58,59.8,0,8.18,5.45,Majority Black,312,702,0,96,64
4205,1820,0,89.12,0,3.63,7.25,Majority Black,0,1622,0,66,132
4206,2011,3.28,93.14,0,0,3.58,Majority Black,66,1873,0,0,72
4207,3233,3.8,94.18,0.99,0,1.02,Majority Black,123,3045,32,0,33
4208,2144,6.9,87.45,0,0.93,4.71,Majority Black,148,1875,0,20,101
4212,1497,0,97.8,1.14,0,1.07,Majority Black,0,1464,17,0,16
4301.01,3454,3.04,95.92,0,0,1.04,Majority Black,105,3313,0,0,36
4301.02,2938,1.53,93.12,0.75,0.95,3.64,Majority Black,45,2736,22,28,107
4302,4847,3.55,94,1.3,1.16,0,Majority Black,172,4556,63,56,0
4303,2391,0.38,99,0,0.29,0.33,Majority Black,9,2367,0,7,8
4304,2892,2.21,97.79,0,0,0,Majority Black,64,2828,0,0,0
4305,3603,2.28,95.17,0,0.19,2.36,Majority Black,82,3429,0,7,85
4306,1692,5.56,93.32,0,0.12,1,Majority Black,94,1579,0,2,17
4307,2542,5.78,90.76,1.49,0.87,1.1,Majority Black,147,2307,38,22,28
4308,1530,4.31,94.64,0,0,1.05,Majority Black,66,1448,0,0,16
4309,1344,1.12,98.88,0,0,0,Majority Black,15,1329,0,0,0
4312,2911,1.1,97.35,0,0,1.55,Majority Black,32,2834,0,0,45
4313.01,3271,4,95.14,0,0,0.86,Majority Black,131,3112,0,0,28
4313.02,4192,1.34,96.9,0,0,1.77,Majority Black,56,4062,0,0,74
4314,6316,7.55,90.55,0.13,0.3,1.47,Majority Black,477,5719,8,19,93
4401.01,3977,1.58,93.81,0,1.76,2.84,Majority Black,63,3731,0,70,113
4401.02,3475,7.31,90.01,0,0,2.68,Majority Black,254,3128,0,0,93
4402.01,4807,2.64,95.4,0,0,1.96,Majority Black,127,4586,0,0,94
4402.02,3534,0.45,96.72,0,0.82,2.01,Majority Black,16,3418,0,29,71
4403,4689,1.13,98.87,0,0,0,Majority Black,53,4636,0,0,0
4406,1980,0,99.65,0,0,0.35,Majority Black,0,1973,0,0,7
4407,1505,1.99,98.01,0,0,0,Majority Black,30,1475,0,0,0
4408,1553,0.64,98.58,0,0.77,0,Majority Black,10,1531,0,12,0
4409,2389,0.08,99.33,0.54,0,0.04,Majority Black,2,2373,13,0,1
4503,3594,0.33,99.67,0,0,0,Majority Black,12,3582,0,0,0
4601,3576,11.74,68.74,0,0,19.52,Majority Black,420,2458,0,0,698
4602,3717,34.46,30.35,0,0,35.19,Majority Latino,1281,1128,0,0,1308
4603.01,3684,21.99,53.85,0.24,0,23.91,Majority Black,810,1984,9,0,881
4603.02,3538,4.32,88.69,0,0,6.98,Majority Black,153,3138,0,0,247
4604,3458,2.02,97.51,0,0,0.46,Majority Black,70,3372,0,0,16
4605,4847,0.35,99.01,0,0,0.64,Majority Black,17,4799,0,0,31
4606,1238,21.89,60.9,0,0,17.21,Majority Black,271,754,0,0,213
4607,3546,25.66,45.23,0,0.42,28.68,Majority Black,910,1604,0,15,1017
4610,1863,21.79,53.25,0.64,0,24.32,Majority Black,406,992,12,0,453
4701,2273,1.89,96.66,0,0,1.45,Majority Black,43,2197,0,0,33
4801,2198,0.64,99.36,0,0,0,Majority Black,14,2184,0,0,0
4802,1123,0,100,0,0,0,Majority Black,0,1123,0,0,0
4803,1178,1.27,95.08,0.59,0.42,2.63,Majority Black,15,1120,7,5,31
4804,5667,2.61,95.99,0,0,1.39,Majority Black,148,5440,0,0,79
4805,3332,9.99,79.35,0,0.24,10.41,Majority Black,333,2644,0,8,347
4903,2387,0.5,97.7,0,0,1.8,Majority Black,12,2332,0,0,43
4904,839,0,100,0,0,0,Majority Black,0,839,0,0,0
4905,2050,3.71,94.59,0,0.63,1.07,Majority Black,76,1939,0,13,22
4906,1558,1.48,97.88,0,0.64,0,Majority Black,23,1525,0,10,0
4907,2834,0,99.54,0,0,0.46,Majority Black,0,2821,0,0,13
4908,4087,0.46,98.34,0.81,0,0.39,Majority Black,19,4019,33,0,16
4909.01,3833,0.13,97.86,0,0,2.01,Majority Black,5,3751,0,0,77
4909.02,5003,0.62,98.4,0,0.48,0.5,Majority Black,31,4923,0,24,25
4910,4541,1.1,98.46,0.18,0.26,0,Majority Black,50,4471,8,12,0
4911,4563,3.31,93.38,0,0,3.31,Majority Black,151,4261,0,0,151
4912,2016,0.74,96.43,0,1.69,1.14,Majority Black,15,1944,0,34,23
4913,2475,2.79,95.72,0,0,1.49,Majority Black,69,2369,0,0,37
4914,3250,2.92,94.74,0,0,2.34,Majority Black,95,3079,0,0,76
5001,3107,1.51,97.71,0,0,0.77,Majority Black,47,3036,0,0,24
5002,2079,1.44,97.93,0,0,0.63,Majority Black,30,2036,0,0,13
5003,1578,50.51,31.75,0,0.63,17.11,Majority White,797,501,0,10,270
5101,5060,44.66,8.1,0.16,0,47.08,Majority Latino,2260,410,8,0,2382
5102,3370,21.28,57.24,0,0.03,21.45,Majority Black,717,1929,0,1,723
5103,5264,0.51,99.16,0,0,0.32,Majority Black,27,5220,0,0,17
5201,3540,45.9,3.62,0.68,0,49.8,Majority Latino,1625,128,24,0,1763
5202,6254,48.03,4.8,0,0.14,47.03,Majority White,3004,300,0,9,2941
5203,10410,47.96,1.68,0.12,0.32,49.91,Majority Latino,4993,175,13,33,5196
5204,7290,48.38,3.14,0,0,48.48,Majority Latino,3527,229,0,0,3534
5205,8019,55.24,0.99,0.17,0,43.6,Majority White,4430,79,14,0,3496
5206,4874,54.23,0.16,0.27,0.47,44.87,Majority White,2643,8,13,23,2187
5301,3639,37.65,21.02,0.19,0,41.14,Majority Latino,1370,765,7,0,1497
5302,4288,0,100,0,0,0,Majority Black,0,4288,0,0,0
5303,4588,0.83,98.3,0.11,0,0.76,Majority Black,38,4510,5,0,35
5304,1953,1.79,95.8,0,0.72,1.69,Majority Black,35,1871,0,14,33
5305.01,4665,1.61,97.26,0,0,1.14,Majority Black,75,4537,0,0,53
5305.02,1434,0.42,97.7,0,0,1.88,Majority Black,6,1401,0,0,27
5305.03,5851,0.68,97.93,0,0.87,0.51,Majority Black,40,5730,0,51,30
5306,2643,0.38,99.36,0,0,0.26,Majority Black,10,2626,0,0,7
5401.01,4077,4.19,89.89,0.54,0.56,4.81,Majority Black,171,3665,22,23,196
5401.02,3503,3.34,93.52,0,0,3.14,Majority Black,117,3276,0,0,110
5501,9912,59.63,3.2,0.17,0,37,Majority White,5911,317,17,0,3667
5502,4398,59.78,0.57,0,0.7,38.95,Majority White,2629,25,0,31,1713
5601,2162,31.45,9.25,1.48,5.83,51.99,Majority Latino,680,200,32,126,1124
5602,2053,22.11,51.53,0.34,0.34,25.67,Majority Black,454,1058,7,7,527
5603,4271,45.05,2.18,0,2.06,50.71,Majority Latino,1924,93,0,88,2166
5604,2519,44.46,1.47,1.47,3.37,49.23,Majority Latino,1120,37,37,85,1240
5607,5037,54.52,1.69,0,0.14,43.66,Majority White,2746,85,0,7,2199
5608,8016,56.62,1.86,0.82,0,40.69,Majority White,4539,149,66,0,3262
5609,6155,70.84,0.26,0,0.47,28.43,Majority White,4360,16,0,29,1750
5610,6880,73.14,0.74,0,0,26.12,Majority White,5032,51,0,0,1797
5611,7298,63.7,0.19,0,0,36.11,Majority White,4649,14,0,0,2635
5701,1749,37.28,0.29,2.12,7.43,52.89,Majority Latino,652,5,37,130,925
5702,3059,47.34,0.52,0,5.82,46.32,Majority White,1448,16,0,178,1417
5703,7567,34.54,2.17,0.17,1.69,61.42,Majority Latino,2614,164,13,128,4648
5704,2317,34.92,0.04,1.9,0.99,62.15,Majority Latino,809,1,44,23,1440
5705,3377,43.2,0.5,0,3.85,52.44,Majority Latino,1459,17,0,130,1771
5801,4001,30.97,1.72,2.45,18.65,46.21,Majority Latino,1239,69,98,746,1849
5802,4834,31.11,0.74,0.35,8.48,59.31,Majority Latino,1504,36,17,410,2867
5803,3511,29.68,0.91,2.45,9.68,57.28,Majority Latino,1042,32,86,340,2011
5804,6300,34.57,1.49,0,8.56,55.38,Majority Latino,2178,94,0,539,3489
5805.01,7212,33.89,2,2.4,3.34,58.37,Majority Latino,2444,144,173,241,4210
5805.02,7525,35.6,0.31,0.93,5.04,58.13,Majority Latino,2679,23,70,379,4374
5806,7869,39.57,0.93,1.11,3.42,54.98,Majority Latino,3114,73,87,269,4326
5807,9750,37.74,2.27,0.34,3.04,56.62,Majority Latino,3680,221,33,296,5520
5808,3168,34.69,0.16,1.29,0.41,63.45,Majority Latino,1099,5,41,13,2010
5905,2262,35.06,1.77,0.84,27.63,34.7,Majority White,793,40,19,625,785
5906,4204,36.51,0.24,0.36,5.47,57.42,Majority Latino,1535,10,15,230,2414
5907,5126,39.68,1.4,1.21,6.93,50.78,Majority Latino,2034,72,62,355,2603
6004,4893,19.97,1.25,0.53,62.76,15.49,Majority Asian,977,61,26,3071,758
6006,3698,33.8,2.41,0.24,31.88,31.67,Majority White,1250,89,9,1179,1171
6007,3004,48.37,3.83,2.33,22.64,22.84,Majority White,1453,115,70,680,686
6009,3900,46.62,7.77,0.26,29.67,15.69,Majority White,1818,303,10,1157,612
6103,8878,35.74,2.14,1.07,4.19,56.86,Majority Latino,3173,190,95,372,5048
6104,3188,31.84,1.25,1.41,0,65.5,Majority Latino,1015,40,45,0,2088
6108,1858,75.24,1.08,1.56,2.48,19.64,Majority White,1398,20,29,46,365
6110,1286,36,31.96,0,0,32.04,Majority White,463,411,0,0,412
6111,3402,36.89,10.17,0,0,52.94,Majority Latino,1255,346,0,0,1801
6112,3673,36.59,13.15,0.14,0.22,49.9,Majority Latino,1344,483,5,8,1833
6113,4194,45.3,3.05,0,0,51.65,Majority Latino,1900,128,0,0,2166
6114,5202,38.68,1.69,0.5,0,59.13,Majority Latino,2012,88,26,0,3076
6115,5128,40.76,5.6,0,0.21,53.43,Majority Latino,2090,287,0,11,2740
6116,2038,28.66,29.93,0,0.64,40.78,Majority Latino,584,610,0,13,831
6117,1990,25.78,28.69,0,0,45.53,Majority Latino,513,571,0,0,906
6118,2884,19.87,41.99,0,0,38.14,Majority Black,573,1211,0,0,1100
6119,1972,14.96,66.43,0,0,18.61,Majority Black,295,1310,0,0,367
6120,1376,3.13,95.35,0,0,1.53,Majority Black,43,1312,0,0,21
6121,1020,2.55,92.65,0,3.04,1.76,Majority Black,26,945,0,31,18
6201,6717,31.06,0,3.89,3.57,61.49,Majority Latino,2086,0,261,240,4130
6202,3222,44.41,0.34,0,3.85,51.4,Majority Latino,1431,11,0,124,1656
6203,10072,37.81,2.12,0.3,0,59.77,Majority Latino,3808,214,30,0,6020
6204,6425,35.36,0.64,1.31,0.22,62.47,Majority Latino,2272,41,84,14,4014
6301,1295,38.38,12.9,0,0,48.73,Majority Latino,497,167,0,0,631
6302,3430,40.85,2.57,0,1.66,54.93,Majority Latino,1401,88,0,57,1884
6303,8472,36.1,0.34,0.2,0.46,62.9,Majority Latino,3058,29,17,39,5329
6304,10348,33.29,0.42,0,0,66.29,Majority Latino,3445,43,0,0,6860
6305,9144,31.08,1.2,0,0.03,67.68,Majority Latino,2842,110,0,3,6189
6308,10413,28.32,3.45,0,0.12,68.11,Majority Latino,2949,359,0,13,7092
6309,6786,26.57,1,0.44,1.55,70.44,Majority Latino,1803,68,30,105,4780
6401,2185,50.07,2.79,0.59,0.5,46.04,Majority White,1094,61,13,11,1006
6403,8386,55.35,0.68,0.83,0.31,42.82,Majority White,4642,57,70,26,3591
6404,4330,61.06,1.99,0,0.88,36.07,Majority White,2644,86,0,38,1562
6405,4986,61.29,0.34,0,1.38,36.98,Majority White,3056,17,0,69,1844
6406,5053,56.68,0.99,0,0.67,41.66,Majority White,2864,50,0,34,2105
6407,4800,50.6,1.77,0.75,0.15,46.73,Majority White,2429,85,36,7,2243
6408,2364,40.78,2.03,0,0.21,56.98,Majority Latino,964,48,0,5,1347
6501,5751,35.82,1.23,0,0.68,62.27,Majority Latino,2060,71,0,39,3581
6502,11302,45.56,0.63,0.61,0,53.2,Majority Latino,5149,71,69,0,6013
6503.01,7915,44.01,0.82,0,1.14,54.04,Majority Latino,3483,65,0,90,4277
6503.02,5819,35.59,2.65,0.33,0,61.44,Majority Latino,2071,154,19,0,3575
6504,9246,30.28,6.18,0.36,0.81,62.37,Majority Latino,2800,571,33,75,5767
6505,6064,37.98,4.16,0.64,0.28,56.94,Majority Latino,2303,252,39,17,3453
6603.01,1853,18.94,30.44,0,0,50.62,Majority Latino,351,564,0,0,938
6603.02,6494,22.34,16.35,0,0.69,60.61,Majority Latino,1451,1062,0,45,3936
6604,8290,28.75,1.4,0,0,69.86,Majority Latino,2383,116,0,0,5791
6605,6952,31,5.67,0.42,0.23,62.69,Majority Latino,2155,394,29,16,4358
6606,6699,17.45,45.28,0,0,37.27,Majority Black,1169,3033,0,0,2497
6607,2060,4.27,87.33,0,2.67,5.73,Majority Black,88,1799,0,55,118
6608,5750,14.7,46.78,0,0.64,37.88,Majority Black,845,2690,0,37,2178
6609,4545,5.85,85.57,0,0.55,8.03,Majority Black,266,3889,0,25,365
6610,5410,8.71,82.14,0,0.87,8.28,Majority Black,471,4444,0,47,448
6611,7769,20.92,34.83,0,0,44.25,Majority Latino,1625,2706,0,0,3438
6701,1092,4.21,88,0,0,7.78,Majority Black,46,961,0,0,85
6702,1001,7.79,86.71,0.7,0,4.8,Majority Black,78,868,7,0,48
6703,1095,9.77,74.89,0,0.37,14.98,Majority Black,107,820,0,4,164
6704,1802,7.05,77.69,0,0,15.26,Majority Black,127,1400,0,0,275
6705,1188,3.87,75.25,0.93,0,19.95,Majority Black,46,894,11,0,237
6706,1086,2.39,95.67,0,0,1.93,Majority Black,26,1039,0,0,21
6707,1152,1.82,94.7,0,0,3.47,Majority Black,21,1091,0,0,40
6708,1352,1.41,97.19,0,0,1.41,Majority Black,19,1314,0,0,19
6709,1710,2.92,94.33,0,0,2.75,Majority Black,50,1613,0,0,47
6711,1073,0.75,98.97,0,0,0.28,Majority Black,8,1062,0,0,3
6712,978,1.43,98.57,0,0,0,Majority Black,14,964,0,0,0
6713,2065,0.05,95.79,0,0,4.16,Majority Black,1,1978,0,0,86
6714,1402,0.86,96.58,0,0,2.57,Majority Black,12,1354,0,0,36
6715,2679,4.52,80.93,0,0,14.56,Majority Black,121,2168,0,0,390
6716,1876,2.4,95.42,0,0,2.19,Majority Black,45,1790,0,0,41
6718,1242,0,94.52,0,0,5.48,Majority Black,0,1174,0,0,68
6719,1268,3.63,87.46,0,0,8.91,Majority Black,46,1109,0,0,113
6720,4205,0.95,93.39,0,0,5.66,Majority Black,40,3927,0,0,238
6805,1375,0,96.29,0,0,3.71,Majority Black,0,1324,0,0,51
6806,1529,0.98,99.02,0,0,0,Majority Black,15,1514,0,0,0
6809,3146,1.08,98.73,0,0,0.19,Majority Black,34,3106,0,0,6
6810,2421,1.28,98.72,0,0,0,Majority Black,31,2390,0,0,0
6811,3167,0.41,93.4,0.79,0,5.4,Majority Black,13,2958,25,0,171
6812,2638,0,94.84,0.3,0,4.85,Majority Black,0,2502,8,0,128
6813,2295,0,94.34,0,0,5.66,Majority Black,0,2165,0,0,130
6814,2570,0,100,0,0,0,Majority Black,0,2570,0,0,0
6903,2381,4.49,95.09,0,0,0.42,Majority Black,107,2264,0,0,10
6904,3232,0.09,99.54,0.37,0,0,Majority Black,3,3217,12,0,0
6905,736,0,99.46,0,0.54,0,Majority Black,0,732,0,4,0
6909,4198,2.07,97.14,0,0,0.79,Majority Black,87,4078,0,0,33
6910,2434,0.16,99.84,0,0,0,Majority Black,4,2430,0,0,0
6911,3289,1.55,97.29,0,0,1.16,Majority Black,51,3200,0,0,38
6912,2963,3.41,96.59,0,0,0,Majority Black,101,2862,0,0,0
6913,2734,1.46,91.77,0,0,6.77,Majority Black,40,2509,0,0,185
6914,2807,0,99.14,0,0,0.86,Majority Black,0,2783,0,0,24
6915,2014,0.6,97.07,0,0,2.33,Majority Black,12,1955,0,0,47
7001,3750,10.45,62.35,0,0,27.2,Majority Black,392,2338,0,0,1020
7002,7884,25.82,12.2,0.63,0.89,60.45,Majority Latino,2036,962,50,70,4766
7003.01,8528,35.95,8.44,0.74,1.13,53.74,Majority Latino,3066,720,63,96,4583
7003.02,6845,40.98,15.73,0.12,0.06,43.11,Majority Latino,2805,1077,8,4,2951
7004.01,6821,15.23,55.48,0.18,0.57,28.54,Majority Black,1039,3784,12,39,1947
7004.02,5222,24.36,50.11,0,1.09,24.44,Majority Black,1272,2617,0,57,1276
7005.01,7190,6.59,88.85,0.04,0.68,3.84,Majority Black,474,6388,3,49,276
7005.02,3416,6.73,90.19,0,0,3.07,Majority Black,230,3081,0,0,105
7101,1213,2.39,95.22,0,0,2.39,Majority Black,29,1155,0,0,29
7102,5010,3.59,92.12,0,1.06,3.23,Majority Black,180,4615,0,53,162
7103,1478,3.86,87.01,0.34,0,8.8,Majority Black,57,1286,5,0,130
7104,5423,0.48,97.44,0.35,0,1.73,Majority Black,26,5284,19,0,94
7105,4067,1.48,95.82,0,0.44,2.26,Majority Black,60,3897,0,18,92
7106,1908,1,99,0,0,0,Majority Black,19,1889,0,0,0
7107,2941,0.24,99.35,0,0.03,0.37,Majority Black,7,2922,0,1,11
7108,4745,0.06,97.7,0.57,0,1.66,Majority Black,3,4636,27,0,79
7109,2158,1.44,96.62,0,0,1.95,Majority Black,31,2085,0,0,42
7110,3058,2.81,96.08,0,1.11,0,Majority Black,86,2938,0,34,0
7111,2336,2.27,95.08,0,0.39,2.27,Majority Black,53,2221,0,9,53
7112,4986,0,99.78,0,0.22,0,Majority Black,0,4975,0,11,0
7113,1818,2.37,94.94,0,0.61,2.09,Majority Black,43,1726,0,11,38
7114,2451,0.04,96.82,0,0.24,2.9,Majority Black,1,2373,0,6,71
7115,2637,0,97.69,0,0,2.31,Majority Black,0,2576,0,0,61
7201,3535,65.52,26.08,0,0,8.4,Majority White,2316,922,0,0,297
7202,3986,42.9,51.71,0,0.75,4.64,Majority Black,1710,2061,0,30,185
7203,4280,55.82,37.52,0,1.1,5.56,Majority White,2389,1606,0,47,238
7204,1960,92.7,1.99,0,0.15,5.15,Majority White,1817,39,0,3,101
7205,2301,91.57,1.83,0,1.22,5.39,Majority White,2107,42,0,28,124
7206,1786,73.01,23.35,0,0.22,3.42,Majority White,1304,417,0,4,61
7207,3275,34.63,60.27,0.82,1.56,2.72,Majority Black,1134,1974,27,51,89
7301,2530,0.24,99.05,0,0,0.71,Majority Black,6,2506,0,0,18
7302.01,5803,1.74,93.06,3.76,0,1.45,Majority Black,101,5400,218,0,84
7302.02,3424,2.54,97.05,0,0.23,0.18,Majority Black,87,3323,0,8,6
7303,1101,0,100,0,0,0,Majority Black,0,1101,0,0,0
7304,3989,0.45,98.3,0,0,1.25,Majority Black,18,3921,0,0,50
7305,4393,0.46,99.2,0,0,0.34,Majority Black,20,4358,0,0,15
7306,3597,0.33,98.58,0.7,0,0.39,Majority Black,12,3546,25,0,14
7307,2271,1.28,97.49,0,0,1.23,Majority Black,29,2214,0,0,28
7401,3322,89.74,1.57,0,0,8.7,Majority White,2981,52,0,0,289
7402,7102,86.43,1,0.34,3.52,8.72,Majority White,6138,71,24,250,619
7403,5174,90.72,2.13,0,0.54,6.61,Majority White,4694,110,0,28,342
7404,4941,79.36,9.37,0,3.14,8.14,Majority White,3921,463,0,155,402
7501,3912,1.23,94.89,0,0,3.89,Majority Black,48,3712,0,0,152
7502,2825,36.99,59.86,0.32,0.04,2.8,Majority Black,1045,1691,9,1,79
7503,2498,83.19,11.37,0,0.72,4.72,Majority White,2078,284,0,18,118
7504,3298,64.22,32.53,0,0.33,2.91,Majority White,2118,1073,0,11,96
7505,6515,19.43,74.49,0,0,6.08,Majority Black,1266,4853,0,0,396
7506,3151,0.89,99.11,0,0,0,Majority Black,28,3123,0,0,0
7608.01,3780,73.12,2.3,0,14.02,10.56,Majority White,2764,87,0,530,399
7608.02,2555,94.44,1.37,0,0.67,3.52,Majority White,2413,35,0,17,90
7608.03,5521,86.29,0.49,0,7.95,5.27,Majority White,4764,27,0,439,291
7702.01,6039,78.04,1.16,0,12.57,8.23,Majority White,4713,70,0,759,497
7702.02,4923,87.55,0.02,0.41,2.95,9.08,Majority White,4310,1,20,145,447
7703,7596,82.25,1.13,0,6.78,9.83,Majority White,6248,86,0,515,747
7704,5397,66.06,2.28,0,8.56,23.11,Majority White,3565,123,0,462,1247
7705,6544,48.27,0,0.7,0,51.02,Majority Latino,3159,0,46,0,3339
7706.01,3784,70.16,0.9,0,8.14,20.8,Majority White,2655,34,0,308,787
7706.02,7093,50.49,2.11,0,6.06,41.34,Majority White,3581,150,0,430,2932
7707,2844,83.9,1.44,0,4.08,10.58,Majority White,2386,41,0,116,301
7708,6031,75.21,1.54,0,2.35,20.89,Majority White,4536,93,0,142,1260
7709.01,5602,83.81,0.91,0,7.09,8.19,Majority White,4695,51,0,397,459
7709.02,3763,89.5,0.48,0,4.65,5.37,Majority White,3368,18,0,175,202
8001,2543,94.65,0,0,3.54,1.81,Majority White,2407,0,0,90,46
8002,6718,87.82,2.41,0,3.41,6.36,Majority White,5900,162,0,229,427
8003,3536,92.25,0,0,3.82,3.93,Majority White,3262,0,0,135,139
8004,3788,91.84,0,0,5.86,2.3,Majority White,3479,0,0,222,87
8005,5130,92.24,0.39,0.86,3.47,3.04,Majority White,4732,20,44,178,156
8006,2453,93.4,0.65,0,3.75,2.2,Majority White,2291,16,0,92,54
8007,5157,89.16,0.16,0,8.16,2.52,Majority White,4598,8,0,421,130
8008,2303,84.98,0.78,0,11.55,2.69,Majority White,1957,18,0,266,62
8009,4536,64.51,1.37,0,28.06,6.06,Majority White,2926,62,0,1273,275
8010,4965,80.26,0.36,0.3,17.06,2.01,Majority White,3985,18,15,847,100
8011,4781,91.19,0.02,0,5.81,2.97,Majority White,4360,1,0,278,142
8012,3598,89.8,0.78,0,6.09,3.34,Majority White,3231,28,0,219,120
8013,4426,86.51,0.88,0,10.73,1.88,Majority White,3829,39,0,475,83
8014,3154,78.22,0.38,0,13.73,7.67,Majority White,2467,12,0,433,242
8015,6064,87.6,5.46,0.49,4.88,1.57,Majority White,5312,331,30,296,95
8016.01,4702,83.03,0.38,0,14.91,1.68,Majority White,3904,18,0,701,79
8016.03,4682,54.23,6.26,0,25.1,14.42,Majority White,2539,293,0,1175,675
8016.05,5468,83.14,0.02,0,13.72,3.13,Majority White,4546,1,0,750,171
8016.06,5817,85.37,0,0,12.76,1.87,Majority White,4966,0,0,742,109
8016.07,5400,62.37,0.48,0,33.52,3.63,Majority White,3368,26,0,1810,196
8016.08,6939,75.89,0.29,0,21.08,2.74,Majority White,5266,20,0,1463,190
8017.01,3888,84.9,0,0,12.17,2.93,Majority White,3301,0,0,473,114
8017.02,4733,83.6,1.1,0,11.43,3.87,Majority White,3957,52,0,541,183
8018,5991,88.17,0,0,11.83,0,Majority White,5282,0,0,709,0
8019.01,4524,79.93,0.49,0.44,7.67,11.47,Majority White,3616,22,20,347,519
8019.02,3671,87.71,2.23,0,6.05,4,Majority White,3220,82,0,222,147
8020.02,5568,81,1.51,0,10.52,6.97,Majority White,4510,84,0,586,388
8020.03,2957,71.09,0.61,0,13.32,14.98,Majority White,2102,18,0,394,443
8020.04,6001,56.84,2.4,0.88,27.06,12.81,Majority White,3411,144,53,1624,769
8021,3313,91.67,0.39,0,7.09,0.85,Majority White,3037,13,0,235,28
8022,4689,90.89,2.39,0,2.75,3.97,Majority White,4262,112,0,129,186
8023,5329,78.65,0.75,0,16.23,4.37,Majority White,4191,40,0,865,233
8024.02,6495,59.62,2.59,0,8.33,29.47,Majority White,3872,168,0,541,1914
8024.03,1414,84.44,0.78,0,12.52,2.26,Majority White,1194,11,0,177,32
8024.04,8840,49.64,1.28,0.85,14.37,33.87,Majority White,4388,113,75,1270,2994
8025.03,5987,67.96,0,0,20.76,11.27,Majority White,4069,0,0,1243,675
8025.04,8483,57.16,1.04,0.39,6.27,35.14,Majority White,4849,88,33,532,2981
8025.05,7325,37.64,4.71,0.63,13.34,43.69,Majority Latino,2757,345,46,977,3200
8025.06,3345,49.24,0.87,0.21,7.56,42.12,Majority White,1647,29,7,253,1409
8026.05,7159,74.24,2.81,0,18.23,4.72,Majority White,5315,201,0,1305,338
8026.07,1520,84.14,1.97,0,8.95,4.93,Majority White,1279,30,0,136,75
8026.08,6482,91.04,1.05,0,6.26,1.65,Majority White,5901,68,0,406,107
8026.09,7388,43.35,1.18,0.34,13.82,41.31,Majority White,3203,87,25,1021,3052
8026.1,1714,79.7,0,1.98,13.36,4.96,Majority White,1366,0,34,229,85
8027.01,7932,63.73,0.58,0.21,16.39,19.09,Majority White,5055,46,17,1300,1514
8027.02,4576,72.29,1.38,0,17.9,8.44,Majority White,3308,63,0,819,386
8028.01,4789,81.77,2.3,0,10.27,5.66,Majority White,3916,110,0,492,271
8028.02,6918,80.37,2.39,0.43,6.9,9.92,Majority White,5560,165,30,477,686
8029,5809,92.29,0.22,0,5.37,2.12,Majority White,5361,13,0,312,123
8030.05,2731,89.86,1.46,0,6.63,2.05,Majority White,2454,40,0,181,56
8030.07,4769,83.69,0.65,0,9.33,6.33,Majority White,3991,31,0,445,302
8030.08,4528,84.23,1.26,0,7.71,6.8,Majority White,3814,57,0,349,308
8030.1,5387,84.63,0,0.24,6.65,8.48,Majority White,4559,0,13,358,457
8030.12,2418,76.34,3.68,2.94,5.09,11.95,Majority White,1846,89,71,123,289
8030.13,5491,82.74,0,0,4.7,12.57,Majority White,4543,0,0,258,690
8030.14,3938,72.85,0.99,0,9.85,16.3,Majority White,2869,39,0,388,642
8030.15,4666,78.68,7.72,0,6.19,7.42,Majority White,3671,360,0,289,346
8030.16,2630,50.08,0.15,0.23,45.29,4.26,Majority White,1317,4,6,1191,112
8030.17,6336,73.44,0.49,0,13.81,12.26,Majority White,4653,31,0,875,777
8031,3492,93.5,1.15,0,2.12,3.24,Majority White,3265,40,0,74,113
8032,5811,89.86,0.65,0,2.67,6.81,Majority White,5222,38,0,155,396
8033,6187,83.19,0.92,0,8.6,7.29,Majority White,5147,57,0,532,451
8034,6287,90.14,0.29,0,4.91,4.66,Majority White,5667,18,0,309,293
8035,5884,94.1,0.46,0,2.41,3.03,Majority White,5537,27,0,142,178
8036.03,6444,80.7,1.4,0,16.93,0.98,Majority White,5200,90,0,1091,63
8036.04,4286,79.14,3.71,0,9.68,7.47,Majority White,3392,159,0,415,320
8036.05,7545,69.11,2.61,0,11.44,16.85,Majority White,5214,197,0,863,1271
8036.06,10276,32.77,1.43,0.43,8.84,56.54,Majority Latino,3367,147,44,908,5810
8036.07,4995,86.61,0.48,0,5.47,7.45,Majority White,4326,24,0,273,372
8036.08,7683,67.8,4.53,0,12.42,15.25,Majority White,5209,348,0,954,1172
8036.1,7637,68.31,4.83,0.27,14.18,12.4,Majority White,5217,369,21,1083,947
8036.11,6135,39.92,2.97,0,8.2,48.92,Majority Latino,2449,182,0,503,3001
8036.12,4785,48.4,2.09,0.48,4.76,44.26,Majority White,2316,100,23,228,2118
8037.01,2742,81.07,1.02,0,9.59,8.32,Majority White,2223,28,0,263,228
8037.02,5979,81.25,0.7,0.38,10.72,6.94,Majority White,4858,42,23,641,415
8038,4749,82.04,1.16,0.17,3.43,13.2,Majority White,3896,55,8,163,627
8039.01,3701,83.14,1.22,1.73,6.84,7.08,Majority White,3077,45,64,253,262
8039.02,3542,84.73,0.96,0.42,0.9,12.99,Majority White,3001,34,15,32,460
8040,4920,76.79,1.63,0,6.48,15.1,Majority White,3778,80,0,319,743
8041.02,7153,81.49,0.85,0,13.43,4.22,Majority White,5829,61,0,961,302
8041.04,5058,65.9,2.57,0,24.93,6.6,Majority White,3333,130,0,1261,334
8041.05,4073,83.87,1.06,0,12.57,2.5,Majority White,3416,43,0,512,102
8041.06,7297,69.26,1,0.19,23.05,6.5,Majority White,5054,73,14,1682,474
8041.08,4055,37.9,5.89,0.3,46.14,9.77,Majority Asian,1537,239,12,1871,396
8041.09,2949,76.33,4.54,0,9.7,9.43,Majority White,2251,134,0,286,278
8042.01,8776,70.46,0.75,0,24.17,4.61,Majority White,6184,66,0,2121,405
8042.02,7731,74.27,0.22,0,17.14,8.37,Majority White,5742,17,0,1325,647
8043.05,8613,53.37,5.41,0.74,6.39,34.09,Majority White,4597,466,64,550,2936
8043.06,6249,56.14,0.67,0.82,1.89,40.49,Majority White,3508,42,51,118,2530
8043.08,5818,55.45,8.39,0,17.36,18.8,Majority White,3226,488,0,1010,1094
8043.09,3640,48.96,4.97,0,7.28,38.79,Majority White,1782,181,0,265,1412
8043.1,10248,61.25,1.64,0.81,16.6,19.7,Majority White,6277,168,83,1701,2019
8043.11,9498,49.84,0.86,1.47,26.62,21.2,Majority White,4734,82,140,2528,2014
8044.03,8658,51.89,4.25,3.04,8.43,32.39,Majority White,4493,368,263,730,2804
8044.04,6902,41.9,1.7,0,7,49.41,Majority Latino,2892,117,0,483,3410
8044.05,3998,35.47,7.55,1.28,7.28,48.42,Majority Latino,1418,302,51,291,1936
8044.06,7917,41.99,2.17,0.11,9.73,46,Majority Latino,3324,172,9,770,3642
8045.05,3667,77.31,4.12,0.33,2.7,15.54,Majority White,2835,151,12,99,570
8045.06,5385,75.86,0.71,0.5,14.43,8.51,Majority White,4085,38,27,777,458
8045.07,12971,60.54,1.7,0.16,26.67,10.94,Majority White,7852,220,21,3459,1419
8045.08,2759,44.33,9.86,0.4,13.27,32.15,Majority White,1223,272,11,366,887
8045.09,7197,41.45,2.33,0.51,8.53,47.17,Majority Latino,2983,168,37,614,3395
8045.1,7994,33.44,4.02,0.06,2,60.48,Majority Latino,2673,321,5,160,4835
8045.11,3345,33.21,7.8,0.84,9.27,48.88,Majority Latino,1111,261,28,310,1635
8046.03,6149,45.75,4.11,0,25.58,24.56,Majority White,2813,253,0,1573,1510
8046.06,7442,76.44,1.14,0,14.61,7.81,Majority White,5689,85,0,1087,581
8046.07,6800,73.41,2.15,0,18.82,5.62,Majority White,4992,146,0,1280,382
8046.08,3647,62.16,2.99,0,22.54,12.31,Majority White,2267,109,0,822,449
8046.09,5823,57.14,2.39,0.53,35.51,4.43,Majority White,3327,139,31,2068,258
8046.1,2372,75.76,0.38,0,19.69,4.17,Majority White,1797,9,0,467,99
8046.11,4704,79.42,1.74,0.68,13.1,5.06,Majority White,3736,82,32,616,238
8047.01,7035,37.3,10.43,0,38.76,13.5,Majority Asian,2624,734,0,2727,950
8047.05,4232,52.88,5.22,0,16.82,25.07,Majority White,2238,221,0,712,1061
8047.06,2450,74.41,1.31,0,14.73,9.55,Majority White,1823,32,0,361,234
8047.09,6111,54.87,5.06,0,21.24,18.83,Majority White,3353,309,0,1298,1151
8047.1,4012,77.82,3.64,0.5,9.45,8.6,Majority White,3122,146,20,379,345
8047.11,9025,40.91,4.33,0.73,34.09,19.93,Majority White,3692,391,66,3077,1799
8047.12,5249,67.08,4.48,0,13.62,14.82,Majority White,3521,235,0,715,778
8047.13,4898,35.97,1.14,0.45,43.18,19.25,Majority Asian,1762,56,22,2115,943
8047.14,3509,70.11,2.62,0.46,15.13,11.68,Majority White,2460,92,16,531,410
8047.15,3412,31.86,7.83,0,25.18,35.14,Majority Latino,1087,267,0,859,1199
8047.16,5216,48.79,3.47,0,34.16,13.57,Majority White,2545,181,0,1782,708
8048.03,6509,65,3.5,0.8,20.37,10.32,Majority White,4231,228,52,1326,672
8048.04,6886,55.26,8.64,0.2,20.23,15.67,Majority White,3805,595,14,1393,1079
8048.05,7079,71.65,2.32,0,13.07,12.97,Majority White,5072,164,0,925,918
8048.06,4128,57.99,3.75,0,8.19,30.06,Majority White,2394,155,0,338,1241
8048.07,5302,72.31,4.73,0.21,10.26,12.49,Majority White,3834,251,11,544,662
8048.08,2799,72.42,0.36,0.32,14.68,12.22,Majority White,2027,10,9,411,342
8048.09,4186,83.68,2.58,0,13.21,0.53,Majority White,3503,108,0,553,22
8048.1,7606,71,1.22,0,17.76,10.02,Majority White,5400,93,0,1351,762
8049.01,6599,90.17,0.48,0.18,4.46,4.71,Majority White,5950,32,12,294,311
8049.02,5647,77.14,0.04,0.23,10.96,11.63,Majority White,4356,2,13,619,657
8050.01,5118,90.62,0,0,0.49,8.89,Majority White,4638,0,0,25,455
8050.02,6544,63.69,6.02,0,17.13,13.16,Majority White,4168,394,0,1121,861
8051.05,8330,45.7,7.35,0,8.67,38.28,Majority White,3807,612,0,722,3189
8051.06,3055,80.46,4.81,0,11.29,3.44,Majority White,2458,147,0,345,105
8051.07,7855,51.09,5.41,0,13.13,30.38,Majority White,4013,425,0,1031,2386
8051.08,7466,45.91,6.87,0.71,20.57,25.93,Majority White,3428,513,53,1536,1936
8051.09,4341,83.94,2.12,0,9.51,4.42,Majority White,3644,92,0,413,192
8051.1,4435,86.54,0.74,0,9.72,3,Majority White,3838,33,0,431,133
8051.11,10112,55.23,1.68,0.17,11.16,31.75,Majority White,5585,170,17,1129,3211
8051.12,3595,64.67,1.78,0,22.67,10.88,Majority White,2325,64,0,815,391
8052.01,4057,71.26,0.76,0.25,17.62,10.11,Majority White,2891,31,10,715,410
8052.02,4636,79.64,1.62,0.24,11.71,6.79,Majority White,3692,75,11,543,315
8053.01,2982,54.93,8.25,0,31.35,5.47,Majority White,1638,246,0,935,163
8053.02,3766,63.28,0.24,0,33.67,2.81,Majority White,2383,9,0,1268,106
8054.01,4062,80.87,3.59,0,7.34,8.2,Majority White,3285,146,0,298,333
8054.02,4703,73.78,0.91,0.15,19.09,6.06,Majority White,3470,43,7,898,285
8055.01,4057,87.53,0.39,0,6.41,5.67,Majority White,3551,16,0,260,230
8055.02,4109,92.75,0.44,0,1.58,5.23,Majority White,3811,18,0,65,215
8056,4506,90.43,0.78,0,5.35,3.44,Majority White,4075,35,0,241,155
8057.01,5070,91.44,0,0,2.33,6.23,Majority White,4636,0,0,118,316
8057.02,2082,94.76,0.1,0,1.3,3.84,Majority White,1973,2,0,27,80
8058.01,2365,93.36,1.4,0,3,2.24,Majority White,2208,33,0,71,53
8058.02,5088,87.91,0.41,0,1.91,9.77,Majority White,4473,21,0,97,497
8059.01,4513,79.84,0.49,0,11.06,8.62,Majority White,3603,22,0,499,389
8059.02,6665,75.95,0.59,0,16.62,6.84,Majority White,5062,39,0,1108,456
8060.01,6445,41.72,6.19,0.76,38.01,13.31,Majority White,2689,399,49,2450,858
8060.02,7965,54.25,2.86,0,28.44,14.45,Majority White,4321,228,0,2265,1151
8060.03,8645,44.22,1.94,0,40.78,13.06,Majority White,3823,168,0,3525,1129
8060.04,8876,58.49,3.67,0,19.25,18.58,Majority White,5192,326,0,1709,1649
8061.02,3977,64.87,7.24,0.43,18.56,8.9,Majority White,2580,288,17,738,354
8061.03,5047,76.6,2.52,1.23,10.88,8.78,Majority White,3866,127,62,549,443
8061.04,4773,43.26,17.91,1.15,23.11,14.56,Majority White,2065,855,55,1103,695
8062.01,5353,63.01,3.03,0,13.92,20.04,Majority White,3373,162,0,745,1073
8062.02,4640,75.69,4.46,0,9.05,10.8,Majority White,3512,207,0,420,501
8063,4803,80.07,0.71,0.21,3.85,15.16,Majority White,3846,34,10,185,728
8064,2851,79.34,0.6,0.25,2.24,17.57,Majority White,2262,17,7,64,501
8065.01,2667,40.83,5.89,0,24.22,29.06,Majority White,1089,157,0,646,775
8065.02,5604,63.28,1.68,0,7.48,27.57,Majority White,3546,94,0,419,1545
8066,4039,63.95,3,0,8.34,24.71,Majority White,2583,121,0,337,998
8067,4178,70.99,6.22,0.93,14.19,7.66,Majority White,2966,260,39,593,320
8068.01,4248,58.4,10.15,0,22.81,8.64,Majority White,2481,431,0,969,367
8068.02,3251,51.09,13.81,0.34,27.62,7.14,Majority White,1661,449,11,898,232
8069,5219,56.12,0.69,0,33.49,9.7,Majority White,2929,36,0,1748,506
8070,6601,57.98,7.2,0,25.22,9.6,Majority White,3827,475,0,1665,634
8071,3477,68.22,10.64,0.66,12.63,7.85,Majority White,2372,370,23,439,273
8072,5271,53.25,9.87,0.17,28.67,8.04,Majority White,2807,520,9,1511,424
8073,8460,54.82,5.69,1.11,26.54,11.84,Majority White,4638,481,94,2245,1002
8074,7738,54.08,7.95,1.89,19.28,16.8,Majority White,4185,615,146,1492,1300
8075,3495,56.91,2.86,0,32.93,7.3,Majority White,1989,100,0,1151,255
8076,6098,50.67,6.77,0,34.44,8.12,Majority White,3090,413,0,2100,495
8077,6478,60.03,1.4,0,21.7,16.86,Majority White,3889,91,0,1406,1092
8078,2978,64.71,1.01,0,24.24,10.04,Majority White,1927,30,0,722,299
8079,4226,66.35,0,0.52,29.72,3.41,Majority White,2804,0,22,1256,144
8080.01,3615,59.89,4.09,0,30.46,5.56,Majority White,2165,148,0,1101,201
8080.02,4942,58.11,3.38,0,29.64,8.86,Majority White,2872,167,0,1465,438
8081,3826,78.2,4.97,0.26,9.54,7.03,Majority White,2992,190,10,365,269
8082,6098,65.79,2.64,2.16,19.69,9.71,Majority White,4012,161,132,1201,592
8083.01,6014,63.4,5.34,0,24.81,6.45,Majority White,3813,321,0,1492,388
8083.02,3834,58.45,3.23,0.1,30.15,8.06,Majority White,2241,124,4,1156,309
8084,4573,62.52,3.32,0,29.17,4.99,Majority White,2859,152,0,1334,228
8085,4279,62.63,2.24,0,26.55,8.58,Majority White,2680,96,0,1136,367
8086,2133,92.5,0.09,0.23,4.08,3.09,Majority White,1973,2,5,87,66
8087.02,5498,61.42,7.8,0,21.23,9.55,Majority White,3377,429,0,1167,525
8088,3855,83.04,2.78,0,7.24,6.95,Majority White,3201,107,0,279,268
8089,4316,89.71,0.42,0,3.34,6.53,Majority White,3872,18,0,144,282
8090,4086,87.96,4.65,0,5.75,1.64,Majority White,3594,190,0,235,67
8091,3369,83.44,5.37,0.65,8.73,1.81,Majority White,2811,181,22,294,61
8092,5390,25.03,47.57,0,2.06,25.34,Majority Black,1349,2564,0,111,1366
8093,4947,66.46,6.17,0.42,17.65,9.3,Majority White,3288,305,21,873,460
8094,5747,62.87,2.23,0.24,25.07,9.59,Majority White,3613,128,14,1441,551
8095,4189,67.72,9.12,0,15.45,7.71,Majority White,2837,382,0,647,323
8096,3586,40.8,38.23,0,4.29,16.68,Majority White,1463,1371,0,154,598
8097,4339,51.14,23.76,0,1.36,23.74,Majority White,2219,1031,0,59,1030
8098,2783,79.59,8.48,0,5.53,6.4,Majority White,2215,236,0,154,178
8099,3050,80.49,4.66,0,8.1,6.75,Majority White,2455,142,0,247,206
8100,4733,77.79,3.85,0,11.54,6.82,Majority White,3682,182,0,546,323
8101,4564,69.92,15.8,0.04,4.67,9.57,Majority White,3191,721,2,213,437
8102,6711,43.91,37.55,0,7.29,11.25,Majority White,2947,2520,0,489,755
8103.01,4978,49.52,28.57,1.06,0.82,20.03,Majority White,2465,1422,53,41,997
8103.02,3159,60.18,26.62,0,5.19,8.01,Majority White,1901,841,0,164,253
8104,5711,88.67,0.02,0,3.85,7.46,Majority White,5064,1,0,220,426
8105.01,5740,85.31,0.3,0.03,3.78,10.57,Majority White,4897,17,2,217,607
8105.02,5816,82.6,0.57,0,6.02,10.81,Majority White,4804,33,0,350,629
8106,4947,76.55,0.91,0,7.24,15.3,Majority White,3787,45,0,358,757
8107.01,6934,66.08,0.5,0,0.69,32.72,Majority White,4582,35,0,48,2269
8107.02,4941,61.95,2.13,1.54,3.46,30.92,Majority White,3061,105,76,171,1528
8108,6093,73.94,1.85,0,5.42,18.79,Majority White,4505,113,0,330,1145
8109,7869,66.2,4.66,0,2.66,26.48,Majority White,5209,367,0,209,2084
8110,4582,80.51,2.64,0,4.17,12.68,Majority White,3689,121,0,191,581
8111,7037,78.3,0.04,0,0.5,21.16,Majority White,5510,3,0,35,1489
8112,6284,69.53,2.5,0,1.77,26.21,Majority White,4369,157,0,111,1647
8113.01,6772,53.93,1.02,0,1.39,43.67,Majority White,3652,69,0,94,2957
8113.02,5203,40.36,8.05,1.15,1.06,49.38,Majority Latino,2100,419,60,55,2569
8114.01,6087,61.84,0.48,0.71,2.66,34.32,Majority White,3764,29,43,162,2089
8114.02,5819,58.52,0.27,1.5,5.48,34.23,Majority White,3405,16,87,319,1992
8115,7831,62.8,0,0,1.35,35.84,Majority White,4918,0,0,106,2807
8116,7532,63.34,1.04,3.11,3.52,29,Majority White,4771,78,234,265,2184
8117.01,5405,48.49,0.87,0,0.48,50.16,Majority Latino,2621,47,0,26,2711
8117.02,6155,52.77,1.95,2.94,3.25,39.09,Majority White,3248,120,181,200,2406
8118,8256,57.32,1.61,0.67,0.17,40.24,Majority White,4732,133,55,14,3322
8119,6125,79.54,8.05,0,5.71,6.69,Majority White,4872,493,0,350,410
8120,5269,82.88,4.82,0,6.51,5.79,Majority White,4367,254,0,343,305
8121,4648,56.65,34.06,0.17,3.33,5.79,Majority White,2633,1583,8,155,269
8122,3851,81.33,11.3,0,3.09,4.28,Majority White,3132,435,0,119,165
8123.01,4404,61.42,17.76,0,8.02,12.81,Majority White,2705,782,0,353,564
8123.02,3014,69.74,13.9,0.33,2.82,13.21,Majority White,2102,419,10,85,398
8124,3346,82.07,7.41,0,6.9,3.62,Majority White,2746,248,0,231,121
8125,3178,59.5,31.15,0,1.86,7.49,Majority White,1891,990,0,59,238
8126,3284,60.51,23.72,0,7.73,8.04,Majority White,1987,779,0,254,264
8127,3346,66.2,20.05,0,4.69,9.06,Majority White,2215,671,0,157,303
8128.01,3174,67.36,23.72,0,4.16,4.76,Majority White,2138,753,0,132,151
8128.02,2566,67.3,18.59,0,4.13,9.98,Majority White,1727,477,0,106,256
8129,4825,78.01,11.59,0,4.56,5.84,Majority White,3764,559,0,220,282
8130,4083,65.59,22.43,0,0.64,11.34,Majority White,2678,916,0,26,463
8131,4669,62.84,27.78,0,3.62,5.76,Majority White,2934,1297,0,169,269
8132,4197,75.77,10.17,0,6.98,7.08,Majority White,3180,427,0,293,297
8133.01,4627,26.67,5.4,0,0.04,67.88,Majority Latino,1234,250,0,2,3141
8133.02,5278,29.41,2.52,0,0,68.08,Majority Latino,1552,133,0,0,3593
8134,10806,29.15,3.66,0.98,0.06,66.15,Majority Latino,3150,396,106,6,7148
8135,8895,30.01,2.8,0.09,1.63,65.47,Majority Latino,2669,249,8,145,5824
8136,6696,26.66,1.46,0,1.34,70.53,Majority Latino,1785,98,0,90,4723
8137.01,5623,31.19,2.67,1.26,0,64.88,Majority Latino,1754,150,71,0,3648
8137.02,4979,26.13,7.95,0,0.36,65.56,Majority Latino,1301,396,0,18,3264
8138.01,4137,30.75,0,0.22,0.27,68.77,Majority Latino,1272,0,9,11,2845
8138.02,7011,31.56,2.77,0.3,1.95,63.41,Majority Latino,2213,194,21,137,4446
8139,9552,28.86,2.72,0.8,0.43,67.19,Majority Latino,2757,260,76,41,6418
8140,7413,36.91,2.08,0.35,0.61,60.06,Majority Latino,2736,154,26,45,4452
8141,5109,26.19,3.76,0.27,0.16,69.62,Majority Latino,1338,192,14,8,3557
8142,8265,29.89,1.71,0.28,0.02,68.11,Majority Latino,2470,141,23,2,5629
8143,6901,29.16,3.1,2.46,0.17,65.11,Majority Latino,2012,214,170,12,4493
8144,10870,38.63,1.09,0.07,0.94,59.27,Majority Latino,4199,118,8,102,6443
8145,7598,34.05,1.87,0.37,0,63.71,Majority Latino,2587,142,28,0,4841
8146,8368,48.18,5.6,0,1.2,45.02,Majority White,4032,469,0,100,3767
8147,8436,52.16,1.21,0,4.07,42.57,Majority White,4400,102,0,343,3591
8148,7781,43.5,8.84,0.31,5.89,41.46,Majority White,3385,688,24,458,3226
8149,10374,45.58,9.87,0,0.83,43.72,Majority White,4728,1024,0,86,4536
8150,5565,40.95,5.75,0.36,3.76,49.18,Majority Latino,2279,320,20,209,2737
8151,5487,32.97,2.97,0.8,2.55,60.71,Majority Latino,1809,163,44,140,3331
8152,8121,41.4,5.16,1.16,2.18,50.1,Majority Latino,3362,419,94,177,4069
8153,4746,52.02,0.82,0.19,3.16,43.81,Majority White,2469,39,9,150,2079
8154,6054,61.13,3.24,0,2.16,33.47,Majority White,3701,196,0,131,2026
8155,11196,40.86,0.23,0,0.26,58.65,Majority Latino,4575,26,0,29,6566
8156,6054,68.86,2.64,0,0.17,28.33,Majority White,4169,160,0,10,1715
8157.01,4008,86.4,0.87,0,0.85,11.88,Majority White,3463,35,0,34,476
8157.02,5914,80.35,2.65,0,2.55,14.44,Majority White,4752,157,0,151,854
8158,1599,89.68,1.69,0,0,8.63,Majority White,1434,27,0,0,138
8159,4937,51.71,36.68,0,6.66,4.94,Majority White,2553,1811,0,329,244
8160,3253,62.59,25.85,0,5.99,5.56,Majority White,2036,841,0,195,181
8161,6378,49.09,29.62,0.22,8.62,12.45,Majority White,3131,1889,14,550,794
8162,4562,52.13,8.86,0,3.09,35.93,Majority White,2378,404,0,141,1639
8163,7111,44.09,1.94,0,0.28,53.69,Majority Latino,3135,138,0,20,3818
8164.01,7893,39.87,2.72,0,0.15,57.25,Majority Latino,3147,215,0,12,4519
8164.02,5966,38.84,3.8,0.6,0,56.75,Majority Latino,2317,227,36,0,3386
8165,6448,39.55,3.29,0.12,0.12,56.92,Majority Latino,2550,212,8,8,3670
8166,6648,33.98,1.79,0,1.65,62.58,Majority Latino,2259,119,0,110,4160
8167,4046,40.68,6.08,0,2.37,50.87,Majority Latino,1646,246,0,96,2058
8168,6107,42.89,28.18,0.67,3.23,25.04,Majority White,2619,1721,41,197,1529
8169,6544,13.57,64.12,0,1.8,20.51,Majority Black,888,4196,0,118,1342
8170,6413,20.24,57.35,0,0.05,22.36,Majority Black,1298,3678,0,3,1434
8171.01,4746,6.41,85.1,0,0.99,7.5,Majority Black,304,4039,0,47,356
8171.02,3579,19.5,69.63,0,0,10.87,Majority Black,698,2492,0,0,389
8172,5229,12.55,59.99,1.01,0,26.45,Majority Black,656,3137,53,0,1383
8173,2364,8.08,75.51,0,0,16.41,Majority Black,191,1785,0,0,388
8174,5062,29.06,22.72,0,1.07,47.16,Majority Latino,1471,1150,0,54,2387
8175,3919,8.83,73.62,0,1.74,15.82,Majority Black,346,2885,0,68,620
8176,4544,10.56,73.42,0,0,16.02,Majority Black,480,3336,0,0,728
8177,5637,11.28,76.6,0,0.2,11.92,Majority Black,636,4318,0,11,672
8179,5764,17.73,78.02,0,0.78,3.47,Majority Black,1022,4497,0,45,200
8180,4684,41.03,37.21,0,8.63,13.13,Majority White,1922,1743,0,404,615
8181,2750,58.44,15.31,0,6,20.25,Majority White,1607,421,0,165,557
8182,5213,52.31,24.11,0.21,0.94,22.42,Majority White,2727,1257,11,49,1169
8183,6742,28.17,40.85,0,1.23,29.75,Majority Black,1899,2754,0,83,2006
8184.01,4214,51.68,23.52,0,3.44,21.36,Majority White,2178,991,0,145,900
8184.02,3427,64.78,16.84,0,2.31,16.08,Majority White,2220,577,0,79,551
8185,5571,66.95,8.72,0,4.74,19.58,Majority White,3730,486,0,264,1091
8186,5558,76.52,7.88,0,0.77,14.83,Majority White,4253,438,0,43,824
8187,4126,80.66,1.26,0.34,0.32,17.43,Majority White,3328,52,14,13,719
8188,6269,80.95,1.36,0,2.31,15.38,Majority White,5075,85,0,145,964
8189,4909,85.01,3.69,0,1.36,9.94,Majority White,4173,181,0,67,488
8190,4655,94.78,0.19,0,0,5.03,Majority White,4412,9,0,0,234
8191,6333,59.59,5.37,0,1.23,33.81,Majority White,3774,340,0,78,2141
8192,8062,59.41,1.22,0.1,2.7,36.57,Majority White,4790,98,8,218,2948
8193,3104,69.04,5.73,0,1.16,24.07,Majority White,2143,178,0,36,747
8194,6532,60.24,10.96,1.01,1.87,25.92,Majority White,3935,716,66,122,1693
8195,3525,65.19,23.66,0,2.5,8.65,Majority White,2298,834,0,88,305
8196,3800,92.16,5.42,0,0.21,2.21,Majority White,3502,206,0,8,84
8197,5793,95.22,0.5,0.09,2.43,1.76,Majority White,5516,29,5,141,102
8198.01,5829,92.47,1.18,0.12,1.1,5.13,Majority White,5390,69,7,64,299
8198.02,2767,91.36,0.4,0.22,1.81,6.22,Majority White,2528,11,6,50,172
8199,3447,97.53,0,0,0.26,2.2,Majority White,3362,0,0,9,76
8200,2460,72.85,1.02,0,15.77,10.37,Majority White,1792,25,0,388,255
8201.01,7020,89.67,1.91,0,3.62,4.8,Majority White,6295,134,0,254,337
8201.03,5311,74.26,2,0,1.32,22.43,Majority White,3944,106,0,70,1191
8201.04,4903,78.26,4.28,0.31,0.57,16.58,Majority White,3837,210,15,28,813
8202.01,8527,80.95,0.67,0,6.33,12.04,Majority White,6903,57,0,540,1027
8202.02,4390,67.27,1.28,0.75,0.73,29.98,Majority White,2953,56,33,32,1316
8203,7831,49.51,0.61,0,2.99,46.89,Majority White,3877,48,0,234,3672
8204,9178,40.96,8.76,0.14,0.9,49.24,Majority Latino,3759,804,13,83,4519
8205.01,7068,77.39,3.14,0.04,3.16,16.27,Majority White,5470,222,3,223,1150
8205.02,5207,77.36,3.28,0,6.28,13.08,Majority White,4028,171,0,327,681
8206.03,6875,67.62,7.24,0.31,3.03,21.8,Majority White,4649,498,21,208,1499
8206.04,4607,80.57,1.48,0,0,17.95,Majority White,3712,68,0,0,827
8206.05,4729,36.96,47.85,0,1.59,13.6,Majority Black,1748,2263,0,75,643
8206.06,4061,81.78,2.61,0,0.74,14.87,Majority White,3321,106,0,30,604
8207,8512,55.51,0.33,0,2.1,42.06,Majority White,4725,28,0,179,3580
8208,5503,54.97,4.05,0,0.87,40.11,Majority White,3025,223,0,48,2207
8209.01,6985,69.58,3.14,0.52,1.6,25.17,Majority White,4860,219,36,112,1758
8209.02,6355,57.37,5.07,0.88,0.91,35.77,Majority White,3646,322,56,58,2273
8210.01,5590,78.09,3.08,0,2.09,16.74,Majority White,4365,172,0,117,936
8210.02,6322,78.74,2.25,0,0.35,18.66,Majority White,4978,142,0,22,1180
8211.01,5021,68.79,1.41,0,1.91,27.88,Majority White,3454,71,0,96,1400
8211.02,4765,71.82,1.28,0,0.65,26.25,Majority White,3422,61,0,31,1251
8212,7561,22.51,36.75,0.36,0.01,40.37,Majority Latino,1702,2779,27,1,3052
8213,6388,29.59,27.29,1.42,0.81,40.89,Majority Latino,1890,1743,91,52,2612
8214.01,4078,9.98,79.18,0,0,10.84,Majority Black,407,3229,0,0,442
8214.02,3023,4.93,94.77,0,0,0.3,Majority Black,149,2865,0,0,9
8215,1802,2,97,0,0,1,Majority Black,36,1748,0,0,18
8216,5110,46.79,34.85,0,0,18.36,Majority White,2391,1781,0,0,938
8217,4867,80.4,18.78,0,0,0.82,Majority White,3913,914,0,0,40
8218,6139,63.07,21.47,0,0.02,15.44,Majority White,3872,1318,0,1,948
8219,5118,70.18,17.37,0,2.74,9.71,Majority White,3592,889,0,140,497
8220,5146,80.04,0.35,0,0.02,19.59,Majority White,4119,18,0,1,1008
8221.01,4715,77.67,4.79,0,0.51,17.03,Majority White,3662,226,0,24,803
8221.02,5634,55.57,11.68,0,1.35,31.4,Majority White,3131,658,0,76,1769
8222,4508,75.64,1.89,0,0.22,22.25,Majority White,3410,85,0,10,1003
8223.01,4136,81.02,2.71,0.17,0.82,15.28,Majority White,3351,112,7,34,632
8223.02,5223,67.66,7.16,0,8.37,16.81,Majority White,3534,374,0,437,878
8224,6610,79.83,3.95,0.86,1.13,14.22,Majority White,5277,261,57,75,940
8225,4700,82.17,5.26,0.02,0.89,11.66,Majority White,3862,247,1,42,548
8226.01,5298,80.12,1.55,0,0.68,17.65,Majority White,4245,82,0,36,935
8226.02,7790,71.21,7.7,0,7.59,13.5,Majority White,5547,600,0,591,1052
8227.01,5204,66.16,7.86,0,1.5,24.48,Majority White,3443,409,0,78,1274
8227.02,3659,73.22,12.63,0,1.89,12.27,Majority White,2679,462,0,69,449
8228.01,3204,72.88,4.18,0,4.37,18.57,Majority White,2335,134,0,140,595
8228.02,4001,78.33,3.87,0,0.87,16.92,Majority White,3134,155,0,35,677
8229,2403,76.9,3.45,0,1.62,18.02,Majority White,1848,83,0,39,433
8230.01,6825,64.42,17.19,0,2.96,15.43,Majority White,4397,1173,0,202,1053
8230.02,6119,83.41,5.05,0,2.58,8.96,Majority White,5104,309,0,158,548
8231.01,4583,90.57,3.23,0,0.92,5.28,Majority White,4151,148,0,42,242
8231.02,3587,89.16,0.45,0,0.25,10.15,Majority White,3198,16,0,9,364
8232,5558,78.18,3.47,0.14,0.83,17.38,Majority White,4345,193,8,46,966
8233.02,6871,49.45,33.4,0.39,0,16.75,Majority White,3398,2295,27,0,1151
8233.03,4774,60.28,15.94,0,0.65,23.13,Majority White,2878,761,0,31,1104
8233.04,6637,62,13.92,0,1.46,22.62,Majority White,4115,924,0,97,1501
8234,5594,39.35,18.91,0.41,0.16,41.17,Majority Latino,2201,1058,23,9,2303
8235,5971,46.37,12.63,1.89,0.8,38.3,Majority White,2769,754,113,48,2287
8236.02,6443,93.28,3,0.03,1.12,2.58,Majority White,6010,193,2,72,166
8236.03,2789,20.62,36.61,2.01,0,40.77,Majority Latino,575,1021,56,0,1137
8236.04,3750,90.59,1.6,0,2.8,5.01,Majority White,3397,60,0,105,188
8236.05,4247,89.33,2.75,0.14,2.21,5.56,Majority White,3794,117,6,94,236
8237.02,6794,77.79,9.13,0.19,1.81,11.08,Majority White,5285,620,13,123,753
8237.03,8615,79.14,0.67,0,7.88,12.3,Majority White,6818,58,0,679,1060
8237.04,4701,86.43,1.08,0,0.87,11.61,Majority White,4063,51,0,41,546
8237.05,5465,80.6,5.89,0,0,13.5,Majority White,4405,322,0,0,738
8238.01,5579,89.8,0.25,0,2.94,7.01,Majority White,5010,14,0,164,391
8238.03,7455,86.53,1.19,0,3.22,9.05,Majority White,6451,89,0,240,675
8238.05,2977,89.86,1.11,0,1.55,7.49,Majority White,2675,33,0,46,223
8238.06,3864,87.99,1.35,0.26,1.71,8.7,Majority White,3400,52,10,66,336
8239.01,3789,86.09,1.29,1.56,7.02,4.04,Majority White,3262,49,59,266,153
8239.03,5009,89.32,2.5,0,0,8.19,Majority White,4474,125,0,0,410
8239.04,4346,93.3,0.02,0.35,1.59,4.74,Majority White,4055,1,15,69,206
8240.03,6879,87.75,0.06,0.44,2.21,9.55,Majority White,6036,4,30,152,657
8240.04,5882,89.03,4.56,0,2.58,3.83,Majority White,5237,268,0,152,225
8240.05,5696,91.94,1.26,0,2.69,4.11,Majority White,5237,72,0,153,234
8240.06,4422,91.25,0.61,0,2.31,5.83,Majority White,4035,27,0,102,258
8241.05,6689,89.27,0.28,0,2.87,7.58,Majority White,5971,19,0,192,507
8241.06,6873,88.8,1.22,0,2.82,7.16,Majority White,6103,84,0,194,492
8241.07,7421,83.24,5.98,0,0.71,10.07,Majority White,6177,444,0,53,747
8241.08,8723,74.22,7.78,0.88,6.57,10.55,Majority White,6474,679,77,573,920
8241.13,7843,83.74,1.03,0,4.7,10.52,Majority White,6568,81,0,369,825
8241.14,5332,87.62,3.11,0,5.48,3.79,Majority White,4672,166,0,292,202
8241.15,3991,80.66,4.43,0.45,3.13,11.33,Majority White,3219,177,18,125,452
8241.16,5846,75.04,4.57,0,5.27,15.12,Majority White,4387,267,0,308,884
8241.17,10005,80.08,2.64,0,11.71,5.57,Majority White,8012,264,0,1172,557
8241.19,5890,86.57,0,0,8.18,5.25,Majority White,5099,0,0,482,309
8241.2,9260,88.29,2.4,0,3.94,5.37,Majority White,8176,222,0,365,497
8241.21,3283,88,3.17,0,4.11,4.72,Majority White,2889,104,0,135,155
8241.22,6651,83.99,2.62,0,2.07,11.32,Majority White,5586,174,0,138,753
8241.23,8557,80.36,2,0,4.27,13.38,Majority White,6876,171,0,365,1145
8243,4432,7.33,90.28,0.27,0.27,1.85,Majority Black,325,4001,12,12,82
8244,2468,50.32,32.66,0.77,0.28,15.96,Majority White,1242,806,19,7,394
8245.03,7443,84.13,7.35,0,2.27,6.25,Majority White,6262,547,0,169,465
8245.05,7248,81.4,2.01,0.4,5.09,11.09,Majority White,5900,146,29,369,804
8245.06,8110,87.84,1.82,0,2.64,7.69,Majority White,7124,148,0,214,624
8245.07,4374,81.71,4.25,0,3.27,10.77,Majority White,3574,186,0,143,471
8246.01,5348,83.81,1.1,0,0.32,14.77,Majority White,4482,59,0,17,790
8246.02,6840,82,3.55,0,2.79,11.65,Majority White,5609,243,0,191,797
8247.01,4950,68.55,4.97,0,0.79,25.7,Majority White,3393,246,0,39,1272
8247.02,6778,66.2,10.02,1.64,0.69,21.45,Majority White,4487,679,111,47,1454
8248,11834,43.78,16.54,1.43,0.26,37.99,Majority White,5181,1957,169,31,4496
8249,3270,21.38,67.83,0,0.18,10.61,Majority Black,699,2218,0,6,347
8250,5348,74.64,8.26,0,2,15.09,Majority White,3992,442,0,107,807
8252,2502,58.59,11.75,0,1.08,28.58,Majority White,1466,294,0,27,715
8253.02,6892,69.67,14.71,0,2.48,13.13,Majority White,4802,1014,0,171,905
8253.03,4240,82.55,4.67,0,1.27,11.51,Majority White,3500,198,0,54,488
8253.04,4537,80.8,0.26,0,2.12,16.82,Majority White,3666,12,0,96,763
8254,5671,83.71,4.18,0.25,1.34,10.53,Majority White,4747,237,14,76,597
8255.01,5166,9.25,88.46,0.21,0,2.07,Majority Black,478,4570,11,0,107
8255.03,7089,12.98,82.76,0,2.26,2,Majority Black,920,5867,0,160,142
8255.04,3942,7.64,91.02,0,0,1.34,Majority Black,301,3588,0,0,53
8255.05,5632,9.91,86.97,0,0.67,2.45,Majority Black,558,4898,0,38,138
8256,6022,15.68,69.76,0,1.81,12.75,Majority Black,944,4201,0,109,768
8257,4948,27.77,50.91,0.08,0.28,20.96,Majority Black,1374,2519,4,14,1037
8258.01,3570,3.36,94.4,1.57,0.17,0.5,Majority Black,120,3370,56,6,18
8258.02,6850,7.23,81.47,1.33,0,9.97,Majority Black,495,5581,91,0,683
8258.03,5768,11.84,80.11,0,0.19,7.85,Majority Black,683,4621,0,11,453
8259,4374,21.06,65.25,0,0,13.69,Majority Black,921,2854,0,0,599
8260,3824,33.16,40.77,0.73,0,25.34,Majority Black,1268,1559,28,0,969
8261,8011,27.3,56.53,0,0.17,15.99,Majority Black,2187,4529,0,14,1281
8262.01,3559,16.21,82.05,0,0.11,1.63,Majority Black,577,2920,0,4,58
8262.02,6049,27.01,58.31,0,0,14.68,Majority Black,1634,3527,0,0,888
8263.01,4443,10.83,74.86,0,0.52,13.8,Majority Black,481,3326,0,23,613
8263.03,4525,5.61,92.99,0,0.86,0.53,Majority Black,254,4208,0,39,24
8263.04,2545,4.13,93.6,0,0,2.28,Majority Black,105,2382,0,0,58
8264.01,4106,6.43,87.63,0.29,0.29,5.36,Majority Black,264,3598,12,12,220
8264.02,5294,7.35,85.76,0,0.83,6.06,Majority Black,389,4540,0,44,321
8265,6604,6.19,89.13,0,0.65,4.03,Majority Black,409,5886,0,43,266
8266,5937,4.01,93.01,0,0.32,2.66,Majority Black,238,5522,0,19,158
8267,5240,3.11,95.55,0,0,1.34,Majority Black,163,5007,0,0,70
8268,6476,28.98,39.47,0,0.14,31.41,Majority Black,1877,2556,0,9,2034
8269.01,1971,10.25,64.43,0,0,25.32,Majority Black,202,1270,0,0,499
8269.02,1309,0.99,96.87,0.61,0,1.53,Majority Black,13,1268,8,0,20
8270,3802,5.94,83.85,0,0.16,10.05,Majority Black,226,3188,0,6,382
8271,2447,3.35,84.55,0,7.11,4.99,Majority Black,82,2069,0,174,122
8272,5016,24.8,57.22,0,0,17.98,Majority Black,1244,2870,0,0,902
8273,3037,11.62,70.2,0,3.85,14.32,Majority Black,353,2132,0,117,435
8274,4453,6.65,78.33,0,1.46,13.56,Majority Black,296,3488,0,65,604
8275,7210,25.1,39.65,0.08,0,35.16,Majority Black,1810,2859,6,0,2535
8276,3333,2.31,96.01,0.51,0,1.17,Majority Black,77,3200,17,0,39
8277,3247,23.53,64.64,0.25,0.46,11.12,Majority Black,764,2099,8,15,361
8278.01,5607,25.29,66.9,0.11,0.32,7.38,Majority Black,1418,3751,6,18,414
8278.02,3372,12.43,82.18,0,0.39,5.01,Majority Black,419,2771,0,13,169
8278.04,3079,14.58,80.71,0,0.29,4.42,Majority Black,449,2485,0,9,136
8278.05,2883,18.63,78.84,0,0,2.53,Majority Black,537,2273,0,0,73
8279.01,2406,12.26,85.12,0,1.29,1.33,Majority Black,295,2048,0,31,32
8279.02,5368,39.62,42.49,0.13,0,17.75,Majority Black,2127,2281,7,0,953
8280,5294,52.7,32.13,0.13,0.09,14.94,Majority White,2790,1701,7,5,791
8281,5260,60.57,22.85,0,1.54,15.04,Majority White,3186,1202,0,81,791
8282.01,4350,40.92,48.34,0,0,10.74,Majority Black,1780,2103,0,0,467
8282.02,4717,48.72,37.46,0,3.71,10.11,Majority White,2298,1767,0,175,477
8283,3468,64.13,25.06,0.14,1.3,9.37,Majority White,2224,869,5,45,325
8284.01,3958,63.9,21.98,0,0.73,13.39,Majority White,2529,870,0,29,530
8284.02,4156,47.23,41.17,0,0.75,10.85,Majority White,1963,1711,0,31,451
8285.03,5214,24.45,63.02,0,1.19,11.33,Majority Black,1275,3286,0,62,591
8285.04,5997,24.76,66.03,0,0.37,8.84,Majority Black,1485,3960,0,22,530
8285.05,6734,46.05,41.05,0.49,0.7,11.72,Majority White,3101,2764,33,47,789
8285.06,9771,29.5,59.73,0,0.5,10.28,Majority Black,2882,5836,0,49,1004
8286.01,4047,72.1,19.13,0,1.61,7.17,Majority White,2918,774,0,65,290
8286.02,4573,43.14,50.91,0,1.55,4.4,Majority Black,1973,2328,0,71,201
8287.01,3931,27.65,62.05,2.77,0.64,6.89,Majority Black,1087,2439,109,25,271
8287.02,5324,22.61,68.63,0,0.08,8.68,Majority Black,1204,3654,0,4,462
8288.01,6592,43.86,40.46,0,1.84,13.85,Majority White,2891,2667,0,121,913
8288.02,4058,56.51,23.36,0,0,20.13,Majority White,2293,948,0,0,817
8289,3704,21.06,38.34,0,0.22,40.39,Majority Latino,780,1420,0,8,1496
8290,1329,1.96,96.01,0.53,0,1.5,Majority Black,26,1276,7,0,20
8291,4300,24.44,16.42,0.58,0,58.56,Majority Latino,1051,706,25,0,2518
8292,6755,40.98,16.85,0,0,42.18,Majority Latino,2768,1138,0,0,2849
8293.01,4140,33.99,53.38,0,0.8,11.84,Majority Black,1407,2210,0,33,490
8293.02,4001,10.05,58.34,0,0.05,31.57,Majority Black,402,2334,0,2,1263
8294.01,1176,5.02,85.29,0.6,0,9.1,Majority Black,59,1003,7,0,107
8294.02,3357,32.38,63.15,0,0,4.47,Majority Black,1087,2120,0,0,150
8295,4593,40.74,13.3,0,0,45.96,Majority Latino,1871,611,0,0,2111
8296,3253,68.58,8.88,0.4,1.35,20.78,Majority White,2231,289,13,44,676
8297,4220,17.35,75.05,0,1.04,6.56,Majority Black,732,3167,0,44,277
8298,6551,48.47,46.45,0.14,0.55,4.4,Majority White,3175,3043,9,36,288
8299.01,9747,35.28,51.54,0,0.75,12.42,Majority Black,3439,5024,0,73,1211
8299.02,6676,16.58,80.5,0,1.56,1.36,Majority Black,1107,5374,0,104,91
8300.01,2899,77.41,8.59,0,0.21,13.8,Majority White,2244,249,0,6,400
8300.03,7458,9.52,89.21,0,0.03,1.25,Majority Black,710,6653,0,2,93
8300.04,7679,7.45,88.21,0,0.61,3.72,Majority Black,572,6774,0,47,286
8300.05,4101,23.12,73.91,0,2.22,0.76,Majority Black,948,3031,0,91,31
8300.06,2155,33.41,59.35,0,1.25,5.99,Majority Black,720,1279,0,27,129
8300.07,5164,15.63,79.74,0,0.85,3.78,Majority Black,807,4118,0,44,195
8300.08,4427,8.61,88.3,0.23,1.45,1.42,Majority Black,381,3909,10,64,63
8301,2962,17.79,74.51,0,0,7.7,Majority Black,527,2207,0,0,228
8302.01,5548,14.44,81.67,0,2,1.89,Majority Black,801,4531,0,111,105
8302.02,3618,26.95,63.05,0.25,0.53,9.23,Majority Black,975,2281,9,19,334
8303,4888,21.64,75.41,0,0,2.95,Majority Black,1058,3686,0,0,144
8304,4461,34.05,56.96,0,0,8.99,Majority Black,1519,2541,0,0,401
8305,8300,42.58,0.52,0,0,56.9,Majority Latino,3534,43,0,0,4723
8306,6080,54.75,10.72,0.2,2.42,31.91,Majority White,3329,652,12,147,1940
8307,3938,50.66,34.76,0.33,3.48,10.77,Majority White,1995,1369,13,137,424
8308,2895,77.86,4.63,0.9,3.39,13.23,Majority White,2254,134,26,98,383
8309,3398,67.27,1.88,0.24,3,27.6,Majority White,2286,64,8,102,938
8310,2343,83.27,2.94,0,6.1,7.68,Majority White,1951,69,0,143,180
8311,11535,55.47,0.01,0,4.6,39.91,Majority White,6399,1,0,531,4604
8312,6857,30.09,5.16,0.15,0.42,64.18,Majority Latino,2063,354,10,29,4401
8313,1129,11.07,43.58,0.44,0,44.91,Majority Latino,125,492,5,0,507
8314,3184,17.37,59.55,0.53,0,22.55,Majority Black,553,1896,17,0,718
8315,5190,49.21,3.14,0,3.45,44.2,Majority White,2554,163,0,179,2294
8316,10251,43.11,4.48,0.71,1.79,49.92,Majority Latino,4419,459,73,183,5117
8317,3121,46.27,2.15,0.13,5.06,46.4,Majority Latino,1444,67,4,158,1448
8318,7180,52.35,3.41,0,22.58,21.66,Majority White,3759,245,0,1621,1555
8319,2892,86.62,0.97,0,5.53,6.88,Majority White,2505,28,0,160,199
8320,1892,85.68,1.85,0,6.29,6.18,Majority White,1621,35,0,119,117
8321,3475,69.01,16.63,1.06,5.29,8,Majority White,2398,578,37,184,278
8322,3658,77.39,1.89,0,3.14,17.58,Majority White,2831,69,0,115,643
8323,2483,69.15,1.61,0,7.77,21.47,Majority White,1717,40,0,193,533
8324,3595,63.67,4.31,0,6.06,25.95,Majority White,2289,155,0,218,933
8325,3962,83.97,6.28,0.71,1.36,7.67,Majority White,3327,249,28,54,304
8326,3700,89.35,0.78,0,5.7,4.16,Majority White,3306,29,0,211,154
8329,2425,75.84,2.72,0,13.11,8.33,Majority White,1839,66,0,318,202
8330,3674,73.73,10.86,0,7.68,7.73,Majority White,2709,399,0,282,284
8331,7886,65.05,11.24,0,15.29,8.42,Majority White,5130,886,0,1206,664
8333,2746,48.91,6.01,0,36.42,8.67,Majority White,1343,165,0,1000,238
8339,3363,26.64,42.88,0.12,0,30.36,Majority Black,896,1442,4,0,1021
8340,3010,2.56,94.19,0,1.1,2.16,Majority Black,77,2835,0,33,65
8342,4318,1.64,97.48,0,0,0.88,Majority Black,71,4209,0,0,38
8343,6391,1.61,96.76,0,0.59,1.03,Majority Black,103,6184,0,38,66
8344,4425,3.12,95.86,0,0.25,0.77,Majority Black,138,4242,0,11,34
8345,1245,0,100,0,0,0,Majority Black,0,1245,0,0,0
8346,2658,6.7,87.66,0,0.34,5.3,Majority Black,178,2330,0,9,141
8347,1802,6.66,81.52,0,3.27,8.55,Majority Black,120,1469,0,59,154
8348,1622,3.45,92.73,0,0,3.82,Majority Black,56,1504,0,0,62
8349,1826,1.37,98.25,0,0,0.38,Majority Black,25,1794,0,0,7
8350,6312,12.77,51.47,0,0.03,35.73,Majority Black,806,3249,0,2,2255
8351,7316,22.65,9.83,0.29,0.34,66.89,Majority Latino,1657,719,21,25,4894
8352,2352,47.75,0,0,1.57,50.68,Majority Latino,1123,0,0,37,1192
8355,1517,7.05,87.67,0,0,5.27,Majority Black,107,1330,0,0,80
8356,980,7.14,85.71,0,0,7.14,Majority Black,70,840,0,0,70
8357,592,0,100,0,0,0,Majority Black,0,592,0,0,0
8358,1704,4.58,93.49,0,0,1.94,Majority Black,78,1593,0,0,33
8359,2935,2.96,95.64,0,0.68,0.72,Majority Black,87,2807,0,20,21
8360,2637,2.43,96.51,0,0,1.06,Majority Black,64,2545,0,0,28
8361,2266,5.52,89.01,0,0.22,5.25,Majority Black,125,2017,0,5,119
8362,1644,60.04,6.81,0,26.82,6.33,Majority White,987,112,0,441,104
8363,1344,36.46,53.05,0,7.51,2.98,Majority Black,490,713,0,101,40
8364,3480,8.16,83.3,0,2.13,6.41,Majority Black,284,2899,0,74,223
8365,1793,4.13,92.64,0,0,3.23,Majority Black,74,1661,0,0,58
8366,2960,31.42,24.59,0.78,0,43.21,Majority Latino,930,728,23,0,1279
8367,2344,7.47,72.65,0,0.26,19.62,Majority Black,175,1703,0,6,460
8368,2214,7.27,89.79,0,0,2.94,Majority Black,161,1988,0,0,65
8369,1497,12.22,80.9,0,0.94,5.95,Majority Black,183,1211,0,14,89
8370,1983,8.88,88.05,0,0.1,2.98,Majority Black,176,1746,0,2,59
8371,1718,17.58,67.69,0,1.63,13.1,Majority Black,302,1163,0,28,225
8373,2526,5.27,89.55,0,1.62,3.56,Majority Black,133,2262,0,41,90
8374,2391,6.9,91.47,0,0.63,1,Majority Black,165,2187,0,15,24
8378,3199,17.76,69.3,0,4.72,8.22,Majority Black,568,2217,0,151,263
8380,2854,13.38,72.81,0,2.03,11.77,Majority Black,382,2078,0,58,336
8381,2093,29.53,48.3,0,9.94,12.23,Majority Black,618,1011,0,208,256
8382,2241,47.88,22.62,0,13.48,16.02,Majority White,1073,507,0,302,359
8383,1511,34.75,45.8,0,13.24,6.22,Majority Black,525,692,0,200,94
8386,1474,2.24,89.96,0,0,7.8,Majority Black,33,1326,0,0,115
8387,4726,3.75,90.61,0,0,5.65,Majority Black,177,4282,0,0,267
8388,4935,31.83,38.4,0,0,29.77,Majority Black,1571,1895,0,0,1469
8390,8717,63.77,14.45,0,14.81,6.96,Majority White,5559,1260,0,1291,607
8391,7058,55.07,13.37,0.21,21.66,9.68,Majority White,3887,944,15,1529,683
8392,2436,15.93,65.68,0,13.26,5.13,Majority Black,388,1600,0,323,125
8395,1370,17.45,71.46,0,8.98,2.12,Majority Black,239,979,0,123,29
8396,1534,6.58,89.57,0,0.33,3.52,Majority Black,101,1374,0,5,54
8397,5665,49.23,0.95,0.19,17.23,32.39,Majority White,2789,54,11,976,1835
8398,3210,52.59,0.75,0,27.57,19.1,Majority White,1688,24,0,885,613
8399,5020,56.99,3.25,0.46,17.57,21.73,Majority White,2861,163,23,882,1091
8400,3007,44.96,1.56,0,35.02,18.46,Majority White,1352,47,0,1053,555
8401,3326,30.82,0.9,0,55.17,13.11,Majority Asian,1025,30,0,1835,436
8402,2588,29.37,1.85,0,56.57,12.21,Majority Asian,760,48,0,1464,316
8403,4918,34.44,1.34,3.36,18.02,42.84,Majority Latino,1694,66,165,886,2107
8404,4283,38.06,0.05,0,23.58,38.31,Majority Latino,1630,2,0,1010,1641
8407,5636,35.31,3.25,0,0.67,60.77,Majority Latino,1990,183,0,38,3425
8408,4415,37.35,0.63,0,0,62.02,Majority Latino,1649,28,0,0,2738
8410,880,27.39,42.73,0,25.68,4.2,Majority Black,241,376,0,226,37
8411,6841,5.54,2.25,0,89.58,2.63,Majority Asian,379,154,0,6128,180
8412,7113,36.26,6.2,1.05,1.59,54.9,Majority Latino,2579,441,75,113,3905
8413,5444,37.16,2.7,0.64,1.03,58.47,Majority Latino,2023,147,35,56,3183
8414,1329,8.43,78.71,0,0.38,12.49,Majority Black,112,1046,0,5,166
8415,2993,4.88,90.91,0,0.7,3.51,Majority Black,146,2721,0,21,105
8416,689,0.58,88.68,0,0,10.74,Majority Black,4,611,0,0,74
8417,1975,13.97,46.43,0,0,39.59,Majority Black,276,917,0,0,782
8418,2774,0.72,95.24,0,0,4.04,Majority Black,20,2642,0,0,112
8419,7042,51.02,16.03,0,20.22,12.72,Majority White,3593,1129,0,1424,896
8420,3217,39.48,33.14,0,19.52,7.86,Majority White,1270,1066,0,628,253
8421,8609,13.8,40.74,0,0.35,45.12,Majority Latino,1188,3507,0,30,3884
8422,3298,62.98,14.8,0,7.91,14.31,Majority White,2077,488,0,261,472
8423,3267,76.65,10.04,0,6.31,7.01,Majority White,2504,328,0,206,229
8424,3090,0.19,99.61,0,0,0.19,Majority Black,6,3078,0,0,6
8425,2008,0.2,99.75,0,0,0.05,Majority Black,4,2003,0,0,1
8426,4760,56.83,4.75,1.74,7.96,28.72,Majority White,2705,226,83,379,1367
8428,10736,33.09,0.94,0.34,3.74,61.89,Majority Latino,3553,101,36,401,6645
8429,2175,19.59,65.38,0.64,3.95,10.44,Majority Black,426,1422,14,86,227
8430,2635,0,98.25,0,0,1.75,Majority Black,0,2589,0,0,46
8431,1715,9.27,88.69,0,0,2.04,Majority Black,159,1521,0,0,35
8432,3073,40.38,2.83,0,1.11,55.68,Majority Latino,1241,87,0,34,1711
8433,2720,27.65,43.53,0,0.63,28.2,Majority Black,752,1184,0,17,767
8434,1292,13.16,66.33,0,1.08,19.43,Majority Black,170,857,0,14,251
8435,11994,22.65,56.63,0.07,0.38,20.27,Majority Black,2717,6792,8,46,2431
8436,2858,5.81,89.29,0,0.84,4.06,Majority Black,166,2552,0,24,116
8437,3037,71.06,1.84,0,4.71,22.39,Majority White,2158,56,0,143,680
8438,2053,30.83,40.33,0,8.91,19.92,Majority Black,633,828,0,183,409
8439,3293,4.28,88.31,0,4.13,3.28,Majority Black,141,2908,0,136,108
